id,y,pred,err
0,30,32.59567,2.59567
1,24,26.425097,2.425097
3,40,35.98723,4.01277
4,29,29.120852,0.120852
6,37,35.939533,1.060467
7,26,22.056505,3.943495
8,49,45.520924,3.479076
9,32,33.346157,1.346157
10,20,23.190947,3.190947
13,26,23.988926,2.011074
16,32,31.585093,0.414907
19,26,28.29568,2.29568
20,46,44.063858,1.936142
22,39,36.979786,2.020214
23,26,22.192783,3.807217
25,22,26.479637,4.479637
28,26,27.207256,1.207256
29,45,45.762794,0.762794
33,27,26.52284,0.47716
34,22,23.233727,1.233727
35,27,27.189135,0.189135
37,26,29.870005,3.870005
40,34,34.664925,0.664925
41,25,25.797823,0.797823
42,42,39.143723,2.856277
45,37,33.45611,3.54389
46,45,42.176556,2.823444
47,26,25.75471,0.24529
55,30,27.211275,2.788725
58,37,37.20662,0.20662
60,22,22.873219,0.873219
62,40,35.58673,4.41327
64,27,25.193663,1.806337
65,53,49.911495,3.088505
66,50,47.2667,2.7333
67,32,31.381475,0.618525
73,29,29.335926,0.335926
75,27,30.282179,3.282179
82,25,28.612665,3.612665
85,29,30.171072,1.171072
89,46,45.036613,0.963387
90,25,25.975645,0.975645
94,26,27.149893,1.149893
95,37,37.294968,0.294968
96,41,44.1913,3.1913
98,28,27.392889,0.607111
101,28,24.37132,3.62868
102,32,35.34189,3.34189
105,56,56.237877,0.237877
106,36,36.91263,0.91263
108,39,34.240997,4.759003
109,40,39.999386,0.000614
110,41,44.511284,3.511284
111,25,28.325026,3.325026
113,31,29.41376,1.58624
114,33,29.279337,3.720663
115,58,56.00433,1.99567
116,28,28.993479,0.993479
118,37,35.084442,1.915558
119,20,20.523237,0.523237
120,28,32.723442,4.723442
129,40,43.06775,3.06775
132,23,23.133543,0.133543
133,24,23.423464,0.576536
138,50,53.084816,3.084816
139,35,38.358265,3.358265
140,32,30.431746,1.568254
141,35,30.29199,4.70801
143,21,21.982769,0.982769
144,29,27.975315,1.024685
148,37,33.16012,3.83988
150,30,31.839922,1.839922
152,35,38.001877,3.001877
153,40,38.114136,1.885864
154,26,26.454401,0.454401
155,48,51.282692,3.282692
157,48,52.65503,4.65503
159,35,33.138355,1.861645
165,35,37.41571,2.41571
166,35,34.357857,0.642143
171,26,23.742405,2.257595
174,35,31.229185,3.770815
178,28,28.455715,0.455715
179,29,24.607374,4.392626
180,34,36.852562,2.852562
181,36,31.829807,4.170193
182,30,29.217402,0.782598
183,26,30.727962,4.727962
184,27,25.708073,1.291927
186,32,35.68966,3.68966
187,26,25.918528,0.081472
188,24,22.236593,1.763407
189,27,27.057203,0.057203
190,28,29.282827,1.282827
191,27,31.440416,4.440416
192,29,30.84034,1.84034
196,30,30.447447,0.447447
197,30,30.245216,0.245216
198,55,55.785442,0.785442
199,26,30.640863,4.640863
202,51,49.928246,1.071754
203,29,28.709257,0.290743
204,30,28.876432,1.123568
206,57,57.028576,0.028576
210,33,34.462013,1.462013
212,26,28.78845,2.78845
214,40,43.077385,3.077385
216,27,28.234205,1.234205
222,24,25.50009,1.50009
224,63,61.108955,1.891045
226,54,52.73082,1.26918
233,37,35.164417,1.835583
234,28,26.23841,1.76159
235,28,29.376822,1.376822
240,25,29.031466,4.031466
242,31,31.553267,0.553267
244,53,55.744102,2.744102
246,26,27.8108,1.8108
247,26,21.583994,4.416006
248,48,48.305283,0.305283
249,30,30.083277,0.083277
253,35,30.393618,4.606382
256,39,38.546997,0.453003
257,35,33.83928,1.16072
258,25,21.33243,3.66757
264,34,34.887238,0.887238
265,30,29.11888,0.88112
266,25,23.775948,1.224052
268,29,28.983068,0.016932
271,32,32.86304,0.86304
275,32,29.507444,2.492556
276,55,59.641495,4.641495
277,34,31.84561,2.15439
278,37,37.63376,0.63376
280,27,27.74389,0.74389
282,35,33.44314,1.55686
284,27,28.378496,1.378496
285,39,39.614525,0.614525
287,26,26.252253,0.252253
294,23,24.062407,1.062407
297,35,32.891754,2.108246
298,31,32.12811,1.12811
299,23,23.391296,0.391296
301,28,32.437546,4.437546
302,24,19.85853,4.14147
303,23,25.559813,2.559813
304,26,30.732718,4.732718
308,26,30.705145,4.705145
309,34,38.66251,4.66251
311,30,29.568846,0.431154
312,58,55.62746,2.37254
315,30,31.93215,1.93215
318,26,25.415293,0.584707
319,26,27.592627,1.592627
321,25,26.586737,1.586737
322,25,23.452633,1.547367
323,50,47.32556,2.67444
325,45,41.266956,3.733044
326,29,27.185202,1.814798
328,35,32.52355,2.47645
330,29,31.609087,2.609087
332,43,44.42929,1.42929
336,32,27.87829,4.12171
337,46,43.209663,2.790337
338,25,24.610922,0.389078
339,36,36.586052,0.586052
342,26,26.009588,0.009588
343,24,25.694101,1.694101
344,23,27.560488,4.560488
346,27,29.180481,2.180481
347,61,56.70663,4.29337
350,22,26.479181,4.479181
352,24,23.062613,0.937387
353,40,36.10698,3.89302
355,26,25.2564,0.7436
356,29,31.524797,2.524797
357,36,38.97577,2.97577
359,22,23.562782,1.562782
362,26,30.317812,4.317812
365,27,22.825788,4.174212
371,34,30.431383,3.568617
372,26,30.549479,4.549479
373,32,31.086967,0.913033
374,53,55.097588,2.097588
378,63,60.65463,2.34537
382,67,67.76981,0.76981
383,24,23.16661,0.83339
384,27,27.909733,0.909733
386,35,35.93274,0.93274
387,40,37.741623,2.258377
389,35,35.186672,0.186672
390,29,32.001762,3.001762
391,30,25.173029,4.826971
394,42,43.368538,1.368538
395,28,29.951403,1.951403
396,26,26.388227,0.388227
397,30,27.70999,2.29001
399,25,28.366077,3.366077
400,24,27.021318,3.021318
402,53,50.45327,2.54673
404,38,33.363224,4.636776
407,35,35.56735,0.56735
409,29,28.57787,0.42213
410,26,28.49734,2.49734
413,26,25.000437,0.999563
419,33,36.737858,3.737858
421,32,36.17518,4.17518
422,24,24.40169,0.40169
423,40,39.846626,0.153374
425,20,22.429277,2.429277
427,22,23.062342,1.062342
428,40,37.70533,2.29467
431,37,34.113297,2.886703
432,39,42.755817,3.755817
433,26,23.935045,2.064955
434,24,23.44629,0.55371
436,35,31.034428,3.965572
437,35,37.848732,2.848732
442,24,24.750856,0.750856
444,28,25.981234,2.018766
449,30,33.60105,3.60105
451,47,49.836506,2.836506
452,29,29.974707,0.974707
455,28,29.656351,1.656351
458,49,47.26377,1.73623
460,40,35.93652,4.06348
461,37,34.97843,2.02157
462,54,49.674423,4.325577
463,30,28.979738,1.020262
464,22,22.283077,0.283077
467,26,29.45049,3.45049
468,43,38.344494,4.655506
469,36,31.592955,4.407045
470,35,36.636208,1.636208
471,39,38.62494,0.37506
475,49,47.424896,1.575104
477,28,29.956675,1.956675
479,26,28.139484,2.139484
482,26,30.347095,4.347095
484,62,59.689754,2.310246
489,50,45.943985,4.056015
491,26,30.195456,4.195456
492,33,31.979357,1.020643
493,26,29.231638,3.231638
494,38,36.318924,1.681076
495,28,28.70931,0.70931
496,61,63.840584,2.840584
497,26,24.730242,1.269758
500,30,34.764587,4.764587
501,25,27.746084,2.746084
502,27,30.88496,3.88496
503,26,27.489,1.489
504,24,22.166388,1.833612
508,29,27.099516,1.900484
509,25,25.66534,0.66534
510,36,36.331947,0.331947
511,30,29.284746,0.715254
514,32,36.209675,4.209675
515,42,41.831482,0.168518
519,30,29.934723,0.065277
520,41,44.4385,3.4385
523,46,47.89926,1.89926
524,31,31.392351,0.392351
526,34,37.417015,3.417015
527,26,26.910227,0.910227
529,25,21.080637,3.919363
530,37,33.26285,3.73715
533,31,32.617588,1.617588
534,23,26.842634,3.842634
535,36,34.26578,1.73422
536,26,30.465052,4.465052
537,26,28.301672,2.301672
539,27,25.888212,1.111788
540,37,40.651424,3.651424
542,36,38.889397,2.889397
543,33,29.354486,3.645514
546,28,26.56828,1.43172
553,30,33.634224,3.634224
556,35,35.451683,0.451683
558,37,36.937004,0.062996
559,37,34.169678,2.830322
562,25,21.089975,3.910025
565,32,33.22413,1.22413
566,26,25.053793,0.946207
567,27,27.220312,0.220312
570,24,22.242487,1.757513
571,32,32.60208,0.60208
573,28,27.820765,0.179235
574,31,32.02171,1.02171
575,51,48.028385,2.971615
576,40,44.060093,4.060093
577,48,43.53897,4.46103
578,28,29.095648,1.095648
579,30,25.34167,4.65833
581,25,28.36913,3.36913
584,28,27.604906,0.395094
587,25,22.457003,2.542997
588,26,23.91054,2.08946
589,36,38.15604,2.15604
593,41,38.448845,2.551155
595,25,26.65104,1.65104
596,30,30.148407,0.148407
597,30,29.966848,0.033152
598,29,32.10773,3.10773
599,40,35.991375,4.008625
600,26,29.982336,3.982336
604,35,32.991985,2.008015
605,26,29.756277,3.756277
606,44,41.63885,2.36115
610,35,35.346508,0.346508
612,38,41.791515,3.791515
613,32,35.85107,3.85107
614,29,29.303335,0.303335
616,21,18.747263,2.252737
621,35,37.768303,2.768303
623,23,22.045986,0.954014
624,26,29.007738,3.007738
627,35,32.74513,2.25487
628,26,25.979065,0.020935
631,40,39.864418,0.135582
632,28,30.339624,2.339624
633,25,23.874966,1.125034
634,27,30.69833,3.69833
636,36,35.588627,0.411373
639,60,56.104248,3.895752
640,33,34.13654,1.13654
642,34,38.420223,4.420223
643,35,33.785774,1.214226
647,27,31.403652,4.403652
650,21,21.769007,0.769007
653,25,29.769032,4.769032
654,26,28.271288,2.271288
659,27,30.91628,3.91628
661,21,21.822317,0.822317
667,23,24.98979,1.98979
668,30,31.863106,1.863106
672,29,33.128338,4.128338
673,60,57.04673,2.95327
675,29,30.383524,1.383524
681,28,24.71324,3.28676
682,27,25.713127,1.286873
683,33,30.481815,2.518185
685,40,43.768738,3.768738
686,48,50.01664,2.01664
688,20,20.677393,0.677393
689,36,39.997425,3.997425
690,32,28.711493,3.288507
695,23,24.812004,1.812004
696,35,31.540953,3.459047
699,26,28.024874,2.024874
708,35,31.222792,3.777208
711,25,24.78278,0.21722
713,24,22.513506,1.486494
715,45,42.349678,2.650322
718,26,24.61654,1.38346
719,36,31.450636,4.549364
720,24,28.14105,4.14105
722,33,35.95453,2.95453
726,37,35.52293,1.47707
728,24,21.901747,2.098253
731,27,29.665625,2.665625
732,39,39.99051,0.99051
733,32,33.17543,1.17543
734,33,29.221167,3.778833
735,35,30.300848,4.699152
737,34,34.407898,0.407898
738,26,30.681253,4.681253
739,52,48.556107,3.443893
740,25,28.813349,3.813349
744,35,34.24562,0.75438
745,32,34.717262,2.717262
747,29,31.17062,2.17062
748,38,35.689034,2.310966
750,28,30.666014,2.666014
756,53,54.165024,1.165024
758,35,33.703644,1.296356
759,28,26.638098,1.361902
765,28,30.008753,2.008753
770,26,26.773893,0.773893
772,24,28.77801,4.77801
773,36,34.5244,1.4756
774,24,23.585333,0.414667
777,29,33.42721,4.42721
778,24,24.14802,0.14802
779,47,44.85531,2.14469
781,35,36.8274,1.8274
783,28,32.67073,4.67073
784,26,30.179146,4.179146
786,35,34.952972,0.047028
788,48,47.100174,0.899826
789,40,39.941284,0.058716
791,26,26.527739,0.527739
793,32,28.353058,3.646942
794,23,23.44699,0.44699
796,37,34.225792,2.774208
797,47,43.783524,3.216476
798,26,28.481579,2.481579
799,28,24.303288,3.696712
800,34,37.09227,3.09227
801,45,47.01993,2.01993
803,49,44.42601,4.57399
804,22,20.05477,1.94523
805,28,27.564894,0.435106
807,42,41.4943,0.5057
808,58,53.570847,4.429153
809,26,26.716295,0.716295
811,30,33.90455,3.90455
813,26,27.838512,1.838512
815,38,33.997246,4.002754
816,40,43.40611,3.40611
817,35,32.733322,2.266678
818,47,46.13746,0.86254
819,30,31.847559,1.847559
820,24,23.68822,0.31178
823,35,30.486032,4.513968
825,27,29.30019,2.30019
826,26,28.783752,2.783752
828,29,26.02918,2.97082
830,25,26.505856,1.505856
835,27,31.519693,4.519693
836,28,29.454075,1.454075
837,24,27.681454,3.681454
839,28,23.296156,4.703844
840,23,18.203505,4.796495
842,42,40.81877,1.18123
843,52,53.613243,1.613243
844,26,26.759983,0.759983
846,26,30.494484,4.494484
847,40,36.09447,3.90553
849,45,40.164146,4.835854
852,28,32.67798,4.67798
854,50,49.858643,0.141357
857,54,57.445274,3.445274
859,21,25.473001,4.473001
860,29,33.646347,4.646347
862,27,25.875923,1.124077
863,26,23.350975,2.649025
864,25,22.505081,2.494919
865,45,44.582687,0.417313
867,30,32.091526,2.091526
869,30,29.198887,0.801113
871,33,33.807,0.807
873,42,43.019615,1.019615
874,30,30.580954,0.580954
877,35,34.015812,0.984188
878,30,31.444475,1.444475
879,26,29.673704,3.673704
881,28,30.34363,2.34363
884,22,23.984236,1.984236
885,24,20.322832,3.677168
886,40,37.03991,2.96009
887,35,30.809652,4.190348
889,25,26.078142,1.078142
895,38,33.28729,4.71271
896,28,28.659643,0.659643
897,47,51.07029,4.07029
898,36,32.756924,3.243076
900,26,26.329153,0.329153
902,39,41.608444,2.608444
903,30,28.219423,1.780577
905,28,25.501215,2.498785
908,22,23.580698,1.580698
909,30,34.42147,4.42147
910,31,30.664856,0.335144
911,29,26.29112,2.70888
912,35,38.920776,3.920776
917,35,36.395622,1.395622
918,31,33.39135,2.39135
920,26,29.079031,3.079031
923,35,38.761463,3.761463
924,33,31.27138,1.72862
927,30,26.780724,3.219276
929,27,27.713917,0.713917
933,21,21.127502,0.127502
934,39,39.167282,0.167282
935,50,52.197,2.197
936,31,29.150043,1.849957
937,38,34.661808,3.338192
938,37,34.19365,2.80635
942,36,40.01851,4.01851
944,29,28.972326,0.027674
945,32,35.779636,3.779636
946,26,25.00643,0.99357
947,26,25.864313,0.135687
948,26,22.64594,3.35406
950,26,27.387415,1.387415
954,51,47.234,3.766
957,26,25.784895,0.215105
961,28,31.821283,3.821283
963,23,25.06647,2.06647
967,26,25.533766,0.466234
969,30,28.545149,1.454851
970,24,25.31241,1.31241
971,35,35.7369,0.7369
972,29,30.595999,1.595999
975,32,28.202768,3.797232
976,30,27.730103,2.269897
977,25,29.470814,4.470814
978,32,34.527138,2.527138
981,24,25.251995,1.251995
984,37,35.16113,1.83887
985,20,17.997168,2.002832
986,27,30.444765,3.444765
987,23,23.844078,0.844078
992,26,25.891829,0.108171
994,25,28.497301,3.497301
995,35,34.845543,0.154457
997,24,21.393644,2.606356
998,27,31.257154,4.257154
999,32,34.26774,2.26774
1001,37,37.62992,0.62992
1002,36,31.949997,4.050003
1003,25,25.925978,0.925978
1004,36,40.646626,4.646626
1006,29,32.61398,3.61398
1010,27,25.35406,1.64594
1011,52,52.886024,0.886024
1013,24,27.335842,3.335842
1018,30,28.68479,1.31521
1020,26,29.582533,3.582533
1021,20,23.913164,3.913164
1022,26,24.581724,1.418276
1023,35,38.204956,3.204956
1026,25,28.388538,3.388538
1027,28,30.910091,2.910091
1028,39,39.623905,0.623905
1031,28,23.860044,4.139956
1032,26,28.855165,2.855165
1034,30,30.58695,0.58695
1035,26,29.204597,3.204597
1039,56,52.99305,3.00695
1041,45,45.58863,0.58863
1042,36,32.28034,3.71966
1043,29,27.016008,1.983992
1045,35,35.08908,0.08908
1047,46,48.059395,2.059395
1048,40,43.433945,3.433945
1049,24,23.12635,0.87365
1050,28,29.41299,1.41299
1051,37,35.923347,1.076653
1055,22,26.06357,4.06357
1056,29,30.538164,1.538164
1057,33,35.7887,2.7887
1059,36,33.179764,2.820236
1061,56,54.157944,1.842056
1062,24,26.055498,2.055498
1064,35,32.1055,2.8945
1067,51,55.443703,4.443703
1068,51,51.73873,0.73873
1069,50,45.587162,4.412838
1070,24,26.00334,2.00334
1072,25,28.30618,3.30618
1073,49,46.30265,2.69735
1077,25,28.020687,3.020687
1078,32,28.933994,3.066006
1079,26,30.59695,4.59695
1085,25,28.450436,3.450436
1086,21,22.412645,1.412645
1087,25,25.069342,0.069342
1091,23,27.720203,4.720203
1093,26,23.73467,2.26533
1096,32,35.877945,3.877945
1100,50,51.499443,1.499443
1103,32,31.778933,0.221067
1104,24,27.532488,3.532488
1105,22,24.993727,2.993727
1106,26,21.627275,4.372725
1109,48,51.24302,3.24302
1111,26,26.711948,0.711948
1115,30,27.681263,2.318737
1117,30,32.01728,2.01728
1119,25,28.700838,3.700838
1120,50,52.807575,2.807575
1125,24,26.51499,2.51499
1127,50,47.5157,2.4843
1128,35,32.436493,2.563507
1131,26,25.191608,0.808392
1133,28,31.010406,3.010406
1135,54,50.879623,3.120377
1137,32,34.034153,2.034153
1140,26,24.022285,1.977715
1141,59,57.94398,1.05602
1146,26,26.028913,0.028913
1147,25,29.170668,4.170668
1154,31,28.715597,2.284403
1155,27,28.966307,1.966307
1158,29,33.448097,4.448097
1161,26,29.989914,3.989914
1162,26,26.052694,0.052694
1163,40,42.118164,2.118164
1165,24,22.16306,1.83694
1167,37,34.675575,2.324425
1168,46,46.07769,0.07769
1174,59,59.072327,0.072327
1175,61,57.86921,3.13079
1176,50,45.48921,4.51079
1177,24,27.252392,3.252392
1179,28,31.956438,3.956438
1180,28,31.110907,3.110907
1182,29,30.535517,1.535517
1186,30,26.371225,3.628775
1187,43,38.958412,4.041588
1192,20,23.752174,3.752174
1193,41,43.580597,2.580597
1194,30,27.773584,2.226416
1200,25,20.346346,4.653654
1201,38,36.23329,1.76671
1202,52,51.703022,0.296978
1203,27,28.008722,1.008722
1204,26,29.706408,3.706408
1205,31,33.208965,2.208965
1206,42,39.560402,2.439598
1209,24,24.189198,0.189198
1210,56,51.509518,4.490482
1216,32,29.937965,2.062035
1217,24,23.095284,0.904716
1219,36,32.55886,3.44114
1221,32,33.13062,1.13062
1223,36,37.173027,1.173027
1229,38,40.126186,2.126186
1233,25,24.24164,0.75836
1234,24,28.251432,4.251432
1239,24,26.178823,2.178823
1242,47,50.84596,3.84596
1243,22,25.400291,3.400291
1248,36,38.39534,2.39534
1249,28,31.110907,3.110907
1250,26,27.339813,1.339813
1252,28,28.851309,0.851309
1257,38,37.44953,0.55047
1260,60,57.38797,2.61203
1261,36,35.347885,0.652115
1263,26,28.87706,2.87706
1264,26,29.72383,3.72383
1265,32,31.257694,0.742306
1267,26,25.478338,0.521662
1268,32,29.096209,2.903791
1270,40,35.33918,4.66082
1272,37,40.551365,3.551365
1273,38,42.619446,4.619446
1276,31,31.683683,0.683683
1277,26,30.478865,4.478865
1279,23,21.165339,1.834661
1283,41,41.60742,0.60742
1287,51,50.9738,0.0262
1289,30,30.415323,0.415323
1290,27,31.458693,4.458693
1291,26,30.157875,4.157875
1293,26,26.691767,0.691767
1295,56,59.895855,3.895855
1296,31,33.47186,2.47186
1299,48,47.48389,0.51611
1303,27,29.551739,2.551739
1304,21,22.984854,1.984854
1305,26,26.040123,0.040123
1306,26,28.588362,2.588362
1308,32,35.027412,3.027412
1310,53,50.980717,2.019283
1313,24,27.05224,3.05224
1315,55,50.558006,4.441994
1317,30,31.217564,1.217564
1320,38,35.84681,2.15319
1321,38,34.687737,3.312263
1323,57,61.742683,4.742683
1324,35,34.84401,0.15599
1327,36,35.97882,0.02118
1328,32,34.951073,2.951073
1329,39,43.37146,4.37146
1336,25,29.224682,4.224682
1338,41,36.53168,4.46832
1340,37,32.384323,4.615677
1342,35,31.34633,3.65367
1343,33,34.693428,1.693428
1348,32,29.451998,2.548002
1349,36,34.491005,1.508995
1352,24,21.691696,2.308304
1355,33,36.279892,3.279892
1356,38,38.535465,0.535465
1357,26,26.818022,0.818022
1358,35,38.308777,3.308777
1359,50,48.650154,1.349846
1364,31,26.587929,4.412071
1365,26,25.750841,0.249159
1369,26,29.8005,3.8005
1373,33,34.033665,1.033665
1374,22,23.41975,1.41975
1377,25,28.920992,3.920992
1379,30,31.706572,1.706572
1380,36,40.434196,4.434196
1382,26,30.394115,4.394115
1384,40,40.80513,0.80513
1387,35,36.473076,1.473076
1388,58,55.605766,2.394234
1389,26,27.547054,1.547054
1391,26,24.70265,1.29735
1392,35,35.53946,0.53946
1393,30,34.245647,4.245647
1394,25,28.893026,3.893026
1395,29,33.83126,4.83126
1397,32,36.465107,4.465107
1403,25,24.294893,0.705107
1404,38,34.51266,3.48734
1405,45,42.063988,2.936012
1409,26,24.264788,1.735212
1410,25,26.095621,1.095621
1411,36,39.852234,3.852234
1412,26,29.750353,3.750353
1415,31,32.46342,1.46342
1416,32,30.598093,1.401907
1417,36,33.85356,2.14644
1418,26,28.601393,2.601393
1419,60,58.98625,1.01375
1424,20,17.120878,2.879122
1425,24,22.219679,1.780321
1426,21,22.925169,1.925169
1427,25,29.43753,4.43753
1428,28,23.973738,4.026262
1429,26,29.267338,3.267338
1431,22,22.004654,0.004654
1434,32,36.41738,4.41738
1436,29,28.108671,0.891329
1437,57,55.25238,1.74762
1438,26,23.833069,2.166931
1439,26,26.211061,0.211061
1440,27,28.984137,1.984137
1441,32,31.266348,0.733652
1442,27,27.163628,0.163628
1448,26,26.971537,0.971537
1450,37,36.580036,0.419964
1453,26,25.548555,0.451445
1454,31,35.48702,4.48702
1455,29,32.815666,3.815666
1457,30,33.74297,3.74297
1459,26,24.70265,1.29735
1461,31,35.784172,4.784172
1466,26,27.523317,1.523317
1468,34,35.30698,1.30698
1471,37,38.943592,1.943592
1473,39,35.57171,3.42829
1475,39,35.475178,3.524822
1477,43,41.53941,1.46059
1478,34,35.515373,1.515373
1480,27,29.235926,2.235926
1481,27,31.62835,4.62835
1482,25,25.802359,0.802359
1483,29,31.801477,2.801477
1484,24,24.390888,0.390888
1485,25,25.162886,0.162886
1487,23,25.445135,2.445135
1489,33,37.830242,4.830242
1491,23,22.422447,0.577553
1492,32,34.545242,2.545242
1493,53,48.311924,4.688076
1495,30,27.510225,2.489775
1496,28,30.68557,2.68557
1499,25,29.388668,4.388668
1500,20,22.633135,2.633135
1502,26,30.758207,4.758207
1503,36,36.28209,0.28209
1507,29,26.744814,2.255186
1508,30,29.488928,0.511072
1510,26,29.56457,3.56457
1513,26,26.72714,0.72714
1514,26,26.393444,0.393444
1515,27,29.382135,2.382135
1516,32,31.723587,0.276413
1517,32,29.299463,2.700537
1519,29,32.246883,3.246883
1521,26,28.05625,2.05625
1522,21,22.948765,1.948765
1525,37,37.467876,0.467876
1526,26,21.441065,4.558935
1529,47,46.282578,0.717422
1533,29,29.592058,0.592058
1534,28,27.538952,0.461048
1538,26,29.845726,3.845726
1539,22,25.425411,3.425411
1540,22,18.912954,3.087046
1542,39,39.821938,0.821938
1544,35,37.825356,2.825356
1545,32,29.56692,2.43308
1546,45,47.406548,2.406548
1547,23,24.692003,1.692003
1548,28,25.481585,2.518415
1549,37,35.754646,1.245354
1554,26,25.390972,0.609028
1555,34,31.603916,2.396084
1558,30,32.077076,2.077076
1559,22,25.07628,3.07628
1560,24,23.287085,0.712915
1561,24,27.013308,3.013308
1565,26,30.004194,4.004194
1567,26,29.444603,3.444603
1569,40,37.73089,2.26911
1571,26,27.428106,1.428106
1576,41,38.961876,2.038124
1577,40,41.073647,1.073647
1578,26,27.827744,1.827744
1579,54,52.29422,1.70578
1581,24,28.54656,4.54656
1582,39,38.51052,0.48948
1586,31,33.439217,2.439217
1587,54,56.455338,2.455338
1588,26,27.709328,1.709328
1591,38,39.839058,1.839058
1593,32,33.402718,1.402718
1594,44,41.713493,2.286507
1596,23,23.287704,0.287704
1599,22,22.818426,0.818426
1600,21,25.2925,4.2925
1601,21,21.598228,0.598228
1602,36,37.67144,1.67144
1603,28,29.819136,1.819136
1608,30,28.144463,1.855537
1610,32,30.027355,1.972645
1613,37,35.212906,1.787094
1617,28,23.43989,4.56011
1620,27,29.749733,2.749733
1622,41,41.610916,0.610916
1626,34,37.314087,3.314087
1628,26,27.680964,1.680964
1630,34,37.52755,3.52755
1631,37,35.7089,1.2911
1634,26,29.095648,3.095648
1635,30,33.83304,3.83304
1636,27,25.750328,1.249672
1637,26,28.006659,2.006659
1638,30,26.46514,3.53486
1640,24,23.440971,0.559029
1642,32,34.199326,2.199326
1643,26,30.097338,4.097338
1644,45,43.060295,1.939705
1648,53,51.882168,1.117832
1651,28,29.50892,1.50892
1654,35,34.49903,0.50097
1655,32,27.936003,4.063997
1656,26,26.168812,0.168812
1657,25,26.472555,1.472555
1658,26,22.622423,3.377577
1659,23,23.234163,0.234163
1662,29,28.522387,0.477613
1663,45,44.005905,0.994095
1670,26,25.834845,0.165155
1672,32,35.83748,3.83748
1678,28,25.40961,2.59039
1683,22,26.017603,4.017603
1684,25,23.21257,1.78743
1685,52,49.6137,2.3863
1688,24,24.169859,0.169859
1690,39,37.1871,1.8129
1692,32,31.161192,0.838808
1693,21,24.33489,3.33489
1696,29,26.388834,2.611166
1700,45,43.2778,1.7222
1704,32,28.50816,3.49184
1705,28,30.616852,2.616852
1706,26,27.82139,1.82139
1709,48,46.87348,1.12652
1710,25,26.596508,1.596508
1716,26,26.196796,0.196796
1717,61,57.688328,3.311672
1720,25,26.70564,1.70564
1722,25,23.698706,1.301294
1724,26,30.619081,4.619081
1725,61,56.57835,4.42165
1726,58,57.953156,0.046844
1727,25,29.13113,4.13113
1728,26,25.690695,0.309305
1729,28,28.904016,0.904016
1732,27,24.604422,2.395578
1733,24,28.181952,4.181952
1735,24,26.551138,2.551138
1738,25,22.435171,2.564829
1741,26,26.29019,0.29019
1743,24,27.962786,3.962786
1744,22,22.682775,0.682775
1749,38,34.39892,3.60108
1751,35,36.447147,1.447147
1753,36,38.518295,2.518295
1755,28,26.997995,1.002005
1757,26,27.25163,1.25163
1759,26,28.529226,2.529226
1761,40,41.865326,1.865326
1762,36,37.878876,1.878876
1765,30,30.746485,0.746485
1769,30,34.438797,4.438797
1770,28,30.806581,2.806581
1773,32,35.485737,3.485737
1775,25,21.662373,3.337627
1776,32,36.574066,4.574066
1777,21,23.252035,2.252035
1784,32,28.57357,3.42643
1785,26,27.428106,1.428106
1786,45,43.338017,1.661983
1790,29,30.345701,1.345701
1791,39,41.817135,2.817135
1792,26,22.868483,3.131517
1796,34,29.881924,4.118076
1797,21,23.147165,2.147165
1798,28,26.113176,1.886824
1801,26,29.69858,3.69858
1804,32,28.575306,3.424694
1805,25,24.254713,0.745287
1806,61,61.685333,0.685333
1809,28,25.264456,2.735544
1810,26,23.177004,2.822996
1812,32,35.750446,3.750446
1815,24,25.896635,1.896635
1816,26,29.500795,3.500795
1817,24,23.816225,0.183775
1818,34,34.071033,0.071033
1820,38,34.63021,3.36979
1821,52,54.039543,2.039543
1822,34,36.727768,2.727768
1823,35,34.62774,0.37226
1825,27,28.858189,1.858189
1827,28,26.198732,1.801268
1830,26,26.474966,0.474966
1832,26,30.640842,4.640842
1833,24,25.175179,1.175179
1834,47,46.568623,0.431377
1837,35,33.447044,1.552956
1838,35,36.561996,1.561996
1840,35,32.853477,2.146523
1841,35,33.471535,1.528465
1844,55,50.306778,4.693222
1846,38,34.914948,3.085052
1848,26,24.810963,1.189037
1851,22,22.44819,0.44819
1854,28,32.749363,4.749363
1855,38,39.719524,1.719524
1858,41,38.959366,2.040634
1859,27,26.804628,0.195372
1861,40,36.545746,3.454254
1862,35,37.819,2.819
1863,28,31.841393,3.841393
1864,36,35.664207,0.335793
1865,37,40.368546,3.368546
1870,33,35.6333,2.6333
1872,21,24.041029,3.041029
1873,41,37.37966,3.62034
1874,28,29.379858,1.379858
1876,30,30.222248,0.222248
1877,55,51.414986,3.585014
1880,29,28.492071,0.507929
1883,26,29.275248,3.275248
1885,35,30.612547,4.387453
1886,27,23.909159,3.090841
1887,25,26.500257,1.500257
1890,24,25.51155,1.51155
1892,27,28.840738,1.840738
1895,35,39.34302,4.34302
1900,30,28.719946,1.280054
1902,36,32.39493,3.60507
1903,28,28.574991,0.574991
1905,27,24.981821,2.018179
1906,31,29.573076,1.426924
1911,26,27.236736,1.236736
1912,24,19.166777,4.833223
1913,24,22.30932,1.69068
1917,44,41.04799,2.95201
1918,35,30.30444,4.69556
1920,29,32.817085,3.817085
1921,63,59.320213,3.679787
1923,45,44.32631,0.67369
1924,60,56.111893,3.888107
1925,26,22.455229,3.544771
1926,35,33.803688,1.196312
1928,25,23.8482,1.1518
1929,39,37.637886,1.362114
1934,26,24.730242,1.269758
1935,30,26.965334,3.034666
1936,28,31.061895,3.061895
1938,32,32.448917,0.448917
1939,26,25.620222,0.379778
1943,31,34.838455,3.838455
1944,26,26.539831,0.539831
1946,34,33.29475,0.70525
1947,40,36.576088,3.423912
1949,35,31.075987,3.924013
1951,33,29.545221,3.454779
1953,46,43.79876,2.20124
1955,46,43.362144,2.637856
1956,41,39.527317,1.472683
1958,24,27.083735,3.083735
1960,35,31.9305,3.0695
1967,23,26.069422,3.069422
1968,36,37.52941,1.52941
1970,22,19.806023,2.193977
1974,26,27.627838,1.627838
1975,32,32.19687,0.19687
1979,28,28.812084,0.812084
1982,36,34.880363,1.119637
1986,29,30.769522,1.769522
1987,42,41.909256,0.090744
1989,24,27.638594,3.638594
1996,27,28.129526,1.129526
1997,22,25.31097,3.31097
1998,26,23.70836,2.29164
1999,36,36.92361,0.92361
