velocity,spin_rate,horizontal_break,vertical_break,release_angle,구종
95.69289642,2347.535622,1.844322765,7.296630789,56.05616619,직구
79.30291476,2511.400809,11.32710529,2.881931473,62.43242482,슬라이더
75.06494947,2467.935772,10.10986822,17.56192793,63.43011558,커브
96.47693316,2120.747926,2.384065449,9.328430601,54.85160887,직구
79.20748924,2648.806352,13.34644285,3.48918713,58.99854153,슬라이더
82.04861925,2300.694149,9.914353237,13.76100653,65.28814745,커브
86.22703595,2644.581868,14.33623913,3.067855511,59.7042356,직구
84.03362708,2379.448815,14.49863486,2.665224668,58.16268788,슬라이더
97.11424445,2134.667077,1.060120214,9.891410267,62.36590042,직구
81.16108137,2474.147321,8.209307355,15.75949571,69.89233227,커브
88.14797353,2745.867521,15.84773985,2.596351537,61.08451058,슬라이더
80.90493507,2884.473972,6.160653688,16.83740638,66.53195594,커브
98.7723718,2327.76649,1.407606076,7.439141295,50.92043158,슬라이더
95.34636185,2317.944012,3.037539944,7.837886919,51.99513997,커브
91.55016433,2168.473076,2.332314012,14.89150396,58.09553362,직구
93.35863536,2240.171172,1.673976468,9.807880201,57.12701127,직구
77.39254794,2597.58221,8.568480022,18.09174176,65.88216571,커브
84.87172331,2318.545789,13.53345173,3.367287313,63.3028789,슬라이더
86.04567098,2321.860237,16.61488824,3.113270411,59.6062291,슬라이더
100.4403383,2119.170171,3.143754043,11.2413442,57.28124397,직구
76.01130125,2476.549363,5.561399255,17.65569445,67.67461922,커브
96.22335258,2303.246526,2.504046516,7.786948183,58.56704959,직구
94.50922377,2209.76761,0.129208079,8.746065884,54.87952615,직구
82.61999797,1950.341983,6.969563212,6.298929443,59.60887273,체인지업
74.71362238,2521.597472,14.17688555,14.38658634,58.47810703,커브
80.07822357,2433.911119,7.486986211,16.0015799,67.03307456,커브
82.46804891,1807.959786,10.30718069,10.38341499,53.40189832,체인지업
76.4617153,2776.466612,7.754910388,14.3955254,71.95540541,커브
80.88890644,1711.893166,10.17753931,8.014356934,53.81263239,슬라이더
77.67441419,2959.042271,11.09452959,19.59710317,66.43381447,커브
87.2975314,2580.813399,14.37293023,0.878145101,62.38046616,슬라이더
80.99719571,1703.546221,6.723434547,5.543112337,62.3419171,체인지업
82.71399017,2572.975247,12.12168229,3.615367484,60.71774059,슬라이더
88.18901013,2294.968195,17.29824084,3.189581617,63.37815075,슬라이더
96.83080424,2184.82149,1.353427116,9.519349204,56.75178456,직구
85.25115291,2678.596941,13.62871123,4.161878303,58.97042317,커브
82.97207258,1722.734055,9.36413898,6.440294108,58.10414125,체인지업
80.58474821,1771.561535,9.374131592,3.645869907,59.61288971,커브
80.77566617,1709.593171,3.013458359,11.40634522,58.67270423,체인지업
89.80683117,2340.232951,19.54034923,3.331980331,57.63664874,슬라이더
77.36030495,2632.003645,9.400646704,14.46967751,59.52673984,커브
79.09423823,2733.748331,10.96537577,15.01108702,66.00896159,커브
83.95684422,2016.505607,12.24954281,7.699359079,62.08768856,체인지업
93.56031158,2166.549876,2.669672549,9.454552861,56.47735379,직구
96.93728998,2150.699907,3.479944139,12.31865961,56.52182209,직구
75.63837437,2381.659825,10.84018898,18.03438911,64.53508383,커브
86.2703436,2400.564862,19.50400096,4.624678458,61.52617507,슬라이더
86.83265535,2540.108847,18.07218758,3.51390785,61.68275834,슬라이더
74.78488027,2349.918453,11.63755529,16.95456597,64.53293634,커브
78.08183835,2646.014152,11.09776767,16.49959237,62.0761749,직구
80.25086957,2650.040041,8.775526531,18.07112864,66.31803494,커브
92.15050363,2038.728413,2.971570951,12.69084009,53.91148432,직구
95.72279121,2344.127329,1.724948303,12.49217038,54.46915832,직구
83.78590774,1886.163612,10.47916801,8.362125486,63.77033738,체인지업
97.93129754,2431.465857,4.060747925,8.419051089,53.44813465,직구
91.02486217,2161.46864,3.119574911,12.54311019,58.56517982,직구
83.3060773,2466.28519,18.68079967,4.001046093,59.84581883,슬라이더
88.26686306,2509.671162,13.88337967,2.064561298,66.22224801,커브
84.0767577,1978.179891,7.705949153,9.469275091,52.62068064,커브
81.17701371,1883.475133,5.897380177,3.367712274,58.51676316,체인지업
97.31719116,2189.123985,2.871124703,15.12016908,55.58956351,직구
92.0729701,2130.70904,2.538910044,9.380907121,56.94612966,슬라이더
81.77866926,1867.893129,5.776839501,10.85771542,57.16002009,커브
77.54280017,2767.7881,10.17178601,16.87652405,64.29774422,커브
81.46471782,1979.636082,7.679279838,5.303905776,55.68229375,슬라이더
93.30641256,2295.042384,2.830335817,9.859668577,54.33710748,직구
85.79160707,2625.029344,20.10664483,3.325796317,65.32593268,직구
87.78400457,2426.813289,18.44591205,2.916894427,55.86114551,슬라이더
78.52512266,2079.157229,10.99937022,15.51551802,69.71890083,커브
78.1017754,2684.194589,7.482990179,16.38986559,63.13401848,커브
78.23369958,1948.911311,10.01426667,8.424186706,57.03910659,체인지업
76.85279645,2715.041003,9.409820172,13.40708731,70.8906827,체인지업
93.91123455,2152.806813,2.64537595,13.18637325,53.66349244,직구
93.05063666,2251.934651,2.289774857,8.848724348,56.92816828,직구
79.20576363,1952.323862,6.33587739,8.791639562,58.29301113,체인지업
76.3356888,1747.555186,8.415605015,7.431689804,57.62881316,커브
78.09779627,1737.226609,6.150871771,10.55078148,58.42914631,체인지업
81.88682302,1766.987991,11.0603904,12.97037983,51.41161654,슬라이더
83.51942459,1551.219134,7.573086441,9.678937009,59.74771396,슬라이더
84.39449385,1614.209855,7.172768669,7.137748861,53.70054456,체인지업
95.94766584,2171.134136,1.567441812,10.36967225,56.37025966,직구
83.04428509,1919.054859,10.66267812,7.346607574,62.92184369,체인지업
84.88476241,2454.216294,16.89243505,3.19049968,58.13745721,직구
83.4793063,1847.516775,5.652240071,9.165475166,56.99083916,체인지업
77.94885138,2518.592737,9.126471526,11.90242829,73.87512093,커브
81.0668674,2448.300933,8.748645425,13.94423605,61.15981482,커브
91.47391969,2240.498171,0.940786478,11.39241273,53.40700913,직구
93.38301279,2413.303337,1.243649255,7.555744382,57.04567447,직구
93.49252767,2122.699022,1.648486516,13.62489712,50.70767469,직구
81.08181938,1620.61075,3.62015659,6.373971255,58.14792499,체인지업
92.53827137,2143.627545,1.42310813,12.02874013,53.30776411,직구
82.80744983,2116.91183,12.00484368,3.97519763,61.13130118,슬라이더
85.0311581,2277.265305,16.40632277,3.238368983,58.89116899,직구
81.81322628,1709.538563,8.313387456,8.746697119,57.97886504,커브
92.04295602,2079.970359,0.695530499,9.508513872,55.49935662,직구
84.6547454,2402.608368,16.19906386,1.937606472,60.47956918,슬라이더
75.85628553,2880.319719,9.440479663,11.06334242,71.8987866,커브
82.63490652,1776.188956,11.39144576,7.279921462,56.64415188,체인지업
79.2024135,2464.48707,13.43875581,14.0938635,56.51719939,커브
77.36456981,2628.677693,10.00675101,12.72515379,64.05377885,커브
95.42818749,2067.976679,2.478979826,10.54315767,54.25846785,슬라이더
96.57416921,2353.273891,4.075400799,10.24401963,58.98745759,직구
80.74569695,2590.26953,12.44713776,11.87386676,66.15489465,슬라이더
95.96494483,2147.424498,4.270692858,11.22117149,54.85686593,직구
79.74877836,2515.847641,10.478809,17.6707425,64.0779015,커브
84.0645976,2389.670509,11.41235081,3.840620027,56.72710071,슬라이더
77.47421834,2934.898487,9.372940628,19.44499021,64.74324729,커브
78.31038137,2784.330022,8.618917895,17.70683152,62.84350919,커브
91.17343951,2265.139125,3.277676822,7.749021905,55.58966433,직구
79.20637486,2777.531085,7.355084087,19.69024008,70.02859687,체인지업
81.28534591,3221.983711,8.34917894,18.13526542,68.00231667,커브
85.64271443,2729.612625,15.42265874,2.776534018,56.31135122,슬라이더
93.32156495,2326.691115,1.89296964,10.02785858,52.50293328,직구
95.64816794,2073.911605,1.937320903,13.69791219,53.13057842,직구
85.79844625,2486.757693,17.58142047,2.356450168,62.8594099,슬라이더
97.95578809,2358.601682,0.39355368,8.950959467,53.53168167,직구
93.86740454,2279.166269,2.048084947,10.69516341,56.13163563,직구
82.41063705,2483.316091,20.00971351,2.000697768,63.09763861,슬라이더
80.98038661,1877.9349,8.888396655,4.91439697,61.54567328,체인지업
82.95441487,2831.57845,14.1695601,3.852773675,60.05654887,슬라이더
74.46184819,2737.263691,6.786845799,16.19378115,64.36381916,커브
95.13505641,2268.626019,1.751035852,13.76404899,61.89669437,직구
82.22085507,2517.937055,7.727279219,3.075433639,61.56336729,슬라이더
82.11796844,1671.954443,12.54486944,8.843092167,55.08962722,체인지업
84.66114981,1743.605251,5.41298475,6.898896137,51.75370389,커브
81.82153169,1891.377162,10.99486337,9.716028391,60.01459352,체인지업
77.61992193,2407.248215,10.74421095,17.62355122,66.05608033,커브
97.71248006,2075.221682,1.7790304,10.21286046,53.83689532,직구
84.30269573,2520.031136,17.16714407,3.40373009,62.8945549,슬라이더
76.36148428,2672.726377,12.97449231,17.56357568,62.94721454,체인지업
76.68376702,2309.764862,9.86564342,16.53237627,60.58054883,커브
83.16708861,1705.449312,7.903822985,8.665215021,60.13164731,체인지업
78.39463141,2606.830483,7.237910794,13.38347443,62.66152908,커브
81.09768228,1726.469654,5.414749306,10.38952572,56.80696092,체인지업
84.30148459,2477.129525,13.88150054,2.975804394,64.84674847,슬라이더
96.29537708,2308.305124,2.0052437,11.73921184,55.28836233,직구
84.94889186,2750.885858,17.26002486,3.168460976,64.1773959,슬라이더
94.21578369,2235.701549,3.523124077,11.18620252,59.14647697,직구
81.22015259,1747.412032,8.458149376,6.049267945,58.93332997,체인지업
78.5307247,2736.043221,11.73831213,16.38961888,66.63442923,커브
75.48484428,2258.528408,11.30227248,16.36422274,62.71859453,커브
87.06056691,2224.569194,10.7449028,2.535382703,57.57118944,슬라이더
78.04493179,2598.880796,11.843603,20.88776157,65.36700994,커브
77.34421057,2562.175922,8.432468669,15.046855,62.56849896,커브
80.56328759,2244.752953,10.65564235,11.608154,69.54248059,커브
81.7212056,1910.387734,6.836435933,6.755930389,57.21202144,체인지업
82.92018815,2365.229803,13.64031585,2.758742345,61.34315078,슬라이더
80.61079926,1664.45525,10.38918444,9.646559831,60.30651903,커브
79.69127466,1729.097904,9.91677164,8.451523046,56.17532048,체인지업
81.43372221,1844.947391,6.246452438,5.368368367,58.65560213,체인지업
75.30825815,2349.521311,11.36410413,13.02649634,69.87183661,커브
76.19875853,2721.344612,15.89818885,15.4346635,63.33522238,커브
88.47192761,2455.757548,13.06944531,2.819520086,59.19440806,슬라이더
85.729922,2303.224565,14.63475747,2.909466718,58.3719786,직구
86.51785718,2474.058091,17.38279404,3.043602446,61.78067017,슬라이더
85.69297695,2548.254671,16.77758085,3.179581782,59.11355905,슬라이더
80.43249296,1905.811833,6.878784726,6.348692634,54.67852955,체인지업
76.47455044,2720.903065,13.07586384,11.58694299,62.45776863,커브
94.06105123,2251.504769,2.120295632,6.442559502,58.76726838,직구
95.34273656,2188.526356,1.967305252,13.33804305,57.02445848,슬라이더
94.85597976,2363.24113,2.6141667,9.490045565,55.85759617,직구
92.78733005,1875.873266,1.300274492,9.93449346,59.6425156,직구
78.65348953,2947.779933,9.972324508,11.94995061,65.56502856,커브
84.09741425,1912.185786,10.55903734,7.637101862,60.84878371,체인지업
78.00041413,2420.24319,10.58844826,13.8884757,62.64453269,커브
95.45491987,2117.77796,2.835692112,6.318251537,51.1590868,직구
88.82806271,2571.204735,19.43259024,2.025470695,60.42882928,직구
86.12781824,2360.009806,16.54781765,2.824114188,59.54618015,슬라이더
78.49634239,1995.325914,8.103321954,8.035226504,59.08934688,체인지업
96.04388313,2128.155578,2.371145873,8.776964394,54.86324195,직구
85.95408165,2591.370718,13.17065129,2.633175588,59.35523691,슬라이더
78.78483193,2602.854614,9.737054809,15.57190677,72.61654636,커브
77.38407694,2341.345408,9.456689779,11.43100002,60.98378161,커브
94.07316461,2257.089051,2.711614878,11.30873131,54.43938507,직구
96.42800099,2215.039379,2.248220586,12.16156145,51.52490593,직구
85.87264734,2480.526895,9.100930232,4.080048066,61.32582195,슬라이더
95.51510078,2254.709738,2.048521628,5.836141184,56.93645254,직구
79.99556596,1631.734131,5.459877823,4.457862894,59.06700685,체인지업
92.5583127,2263.391902,2.07409478,6.690286656,55.7026442,직구
76.76469621,2382.550812,10.60763719,11.97433595,64.87576427,커브
82.70730921,2203.680015,18.26624586,4.085982116,57.24184623,슬라이더
97.90706815,2218.334201,2.770865194,9.504962729,47.72836202,직구
77.01672763,2801.502738,9.331845538,13.5615211,63.53397192,커브
94.62868205,2194.047464,2.035263552,8.906282118,50.45276766,직구
93.70976049,2213.074058,1.424181759,12.1830137,61.03061362,직구
83.42921958,1782.719826,9.390804949,6.377998273,62.82634257,체인지업
87.09419661,2744.259493,17.20463336,1.932467086,59.37564943,슬라이더
93.36837943,2249.799829,3.676437312,8.875066448,52.95684503,직구
85.10389177,2625.773616,15.55365391,1.65402032,59.67117059,슬라이더
96.86256024,2151.576593,1.207127168,10.11843687,53.28776112,직구
83.49207082,2720.675549,16.39928995,2.257529414,59.94387373,체인지업
81.8868362,2847.899431,14.63715555,4.217158521,58.31349592,슬라이더
95.5009857,2231.090757,2.086589787,8.153533508,54.27629183,직구
80.76471665,1792.43344,5.041111554,7.518669651,60.25329836,체인지업
81.66283185,2294.529553,17.44721164,2.153643345,60.69964839,슬라이더
94.92834792,2316.316375,0.484808938,9.314624812,50.86204232,직구
80.27922998,1842.544486,9.139520714,6.561781097,53.19918669,체인지업
93.96345956,2076.21845,2.203463636,10.97874912,58.13248263,직구
94.53172609,2106.217496,2.622849932,13.75359163,54.07248363,슬라이더
82.07125024,2416.961764,19.82203673,3.423599066,60.32567912,직구
79.60642271,1718.378276,6.608610246,8.632716643,59.65944747,체인지업
78.03923332,2585.68015,8.14723774,20.05504284,63.1778419,커브
82.03680326,1762.19921,8.263855934,9.180844123,62.96085181,체인지업
85.21075101,2568.995821,11.78358296,1.12482753,62.40122858,슬라이더
85.77537531,1927.886581,7.802309598,8.001365638,58.47838752,체인지업
77.72525642,2680.858951,11.48536484,12.31479047,66.9355066,커브
81.6283085,1643.850678,5.97880356,9.20618937,57.80776671,체인지업
84.69988883,2565.540725,19.98377764,3.070052163,60.80738082,슬라이더
79.43637145,2769.820422,7.738223129,13.54408249,68.94179874,커브
80.07453487,1818.471047,5.423384765,7.75253464,55.09586272,체인지업
85.44782827,2680.062086,15.06238112,4.076007139,59.51079911,슬라이더
79.25665261,1860.32475,7.044708835,8.816105694,56.42601278,체인지업
79.92291236,1740.618859,4.319844511,6.615499341,56.25805509,체인지업
78.04177298,2736.713865,13.74193035,13.60258329,66.86668393,커브
76.8989263,2507.119148,8.900885728,16.00517409,54.00998063,커브
76.19589689,2400.387875,11.93636932,18.27294128,63.30305467,커브
84.63660465,1741.072835,12.13581268,10.13954291,59.38745087,체인지업
82.04721244,2517.306968,10.56127281,14.8147074,67.17391751,커브
93.18122509,2259.515703,2.543360192,6.579663215,51.9204541,직구
83.51932008,2746.152824,9.260946142,18.21462946,63.80064721,커브
79.43076263,2739.107552,14.11308713,12.7725473,71.31247223,커브
98.73154902,2198.148686,1.512393776,10.9866358,56.02817604,직구
95.52211054,2230.729952,1.809661322,7.497772847,55.44014106,직구
82.98241533,1645.103947,6.068670393,4.723941885,56.96072048,체인지업
83.42542406,1850.558924,6.053242324,7.671329588,51.76656454,체인지업
84.65385635,2642.43312,13.19336382,2.072646866,61.86471567,슬라이더
84.43794158,1778.833302,9.329854325,8.529550622,57.51362807,체인지업
83.65675326,2318.553847,9.717711723,2.70459859,57.98813937,슬라이더
97.80558862,2118.177932,1.337376241,7.303629156,55.39890902,직구
94.53082573,2262.962884,0.617200269,9.630195727,52.54919299,직구
82.28071974,1803.003148,2.793725824,7.212940288,58.52660869,체인지업
83.11310625,1704.768362,8.871950779,9.564260003,55.32163745,체인지업
93.16115153,2297.511973,1.348163892,12.05831127,56.32004335,직구
85.20840221,2294.214829,15.8806738,2.377350638,61.96770233,슬라이더
85.46987315,1836.761984,2.14110262,8.298726965,56.90348219,체인지업
96.64380501,2246.210347,1.75096396,8.444366625,60.38367359,직구
86.96353097,2278.163265,19.47806571,4.612278258,63.16817043,슬라이더
84.95129082,2595.066532,13.90514181,3.919228935,59.32543205,슬라이더
95.65750222,2258.831721,0.918451996,9.250358385,53.92212373,직구
77.02334529,1758.209045,8.933090623,9.192882275,57.39242732,체인지업
96.2513347,2116.027816,2.338496407,10.355402,57.35740048,직구
89.76050979,2101.849135,3.644967714,7.184976611,54.90061908,직구
82.08265126,1939.959465,12.191687,9.586351376,58.18025798,체인지업
95.18352155,2206.980208,5.078880808,11.87135679,54.95073131,직구
94.47068633,2418.980293,0.521413754,9.851133142,50.24829153,직구
76.76727718,2652.250106,11.06925817,13.64502157,71.98945279,커브
80.68350318,1597.419213,10.69245151,6.731428305,56.41510886,체인지업
94.85434217,2387.617084,1.150155631,10.91836016,57.63208687,직구
80.03541193,1991.141909,7.804169507,9.488371421,53.73107522,체인지업
82.45052823,1823.144592,7.090904563,7.715706926,58.4196617,체인지업
73.40763809,2403.766894,8.466686824,17.19561211,66.83074634,커브
76.67603564,2310.070956,5.506221332,12.4547141,65.30992207,커브
95.17409414,2219.90597,2.576556963,7.778848309,53.4471661,직구
79.52514672,1807.857703,9.28108587,8.206876259,57.72116738,체인지업
79.65019653,2574.490176,8.167616169,12.27673146,62.80692482,커브
82.64318642,1994.121744,5.326549122,5.484263688,55.81461513,체인지업
82.34092754,1674.507733,5.447391167,8.740122231,59.13930291,체인지업
75.27365199,2469.995213,10.11604547,12.21990507,64.15116412,커브
87.09910543,2289.609209,14.03196048,3.323079273,55.25642789,슬라이더
85.31081423,2032.004072,3.566362321,7.787325995,57.82175446,체인지업
80.94133578,1917.275685,10.04706129,8.624756421,57.35317126,체인지업
81.61408637,2399.639089,10.15460455,2.388230909,63.37233816,슬라이더
97.28564563,2232.416635,2.099332305,9.272775576,53.66069916,직구
94.93057646,2268.195297,2.500917188,10.2284553,56.82368953,직구
76.41516016,2743.951588,8.906639831,13.09391283,66.3992001,커브
85.6592404,1813.90604,7.207540644,10.60655607,55.67615509,체인지업
79.24441429,2617.063629,9.013754355,14.88207814,68.07282887,커브
79.17710654,2807.049867,9.872950851,15.54427986,74.6467067,커브
81.84721569,2384.504015,16.75909206,3.985729996,57.40147546,슬라이더
94.31457097,2274.729361,0.601432426,8.591312619,55.08623447,직구
99.38091125,2078.581139,0.195117899,9.632033327,50.43043929,직구
85.43486575,2622.664945,14.41902162,2.879618836,66.69390044,슬라이더
93.99304869,2262.834551,1.095683375,8.443390549,54.80274922,직구
83.02074373,2611.314306,16.2864495,3.082439753,62.85937514,슬라이더
80.49512953,1697.597141,8.573911709,8.943084761,58.57473219,체인지업
81.32749052,1726.68438,6.390067038,8.425479552,56.61118146,체인지업
87.76854564,2495.904319,15.20097215,5.170942717,59.40798474,슬라이더
89.87950481,2476.220564,14.15601733,2.156753405,60.26874204,슬라이더
94.53169325,2062.233063,1.549934529,10.82686981,53.69651132,직구
79.42567286,1966.722411,11.9831066,7.64181343,55.43050529,체인지업
94.22983544,2291.786195,2.955142321,12.25313006,53.33356864,직구
87.10130879,2471.954305,20.5622777,2.564513629,58.58372827,슬라이더
80.54079506,1910.08214,6.996431614,7.719249882,62.84433637,체인지업
92.87539257,2207.580456,1.933920201,10.81650551,50.6559583,직구
84.16538211,1890.039859,7.555050206,5.300847577,59.96492675,체인지업
92.3436279,2133.821354,0.296617561,7.420078201,57.9529672,직구
95.30745021,2335.387237,1.021236284,11.36300139,56.92252858,직구
76.83448268,2838.501502,11.77458167,10.89858658,63.76876612,커브
84.40487299,2524.086097,14.91745528,2.895550781,60.92415162,슬라이더
76.26067384,2523.205746,9.337383234,21.03681134,62.72066829,커브
95.01022691,2281.286212,1.124381747,11.84805404,58.6195269,직구
94.76870344,2250.498728,-0.0674421,9.480817297,51.63183394,직구
98.12928731,2201.023306,3.366874267,9.257118268,52.80720988,직구
80.43960174,1910.590042,8.1425075,8.928739727,58.72864604,체인지업
80.581118,1829.815847,5.489729256,9.101595145,59.48096454,체인지업
93.57129716,2099.747064,1.588123034,15.26476413,58.35188749,직구
82.94008837,1962.846855,8.62626428,7.636993676,60.7404212,체인지업
83.42464432,1719.717556,9.208241779,7.175172364,56.58620878,체인지업
78.20371259,2700.133144,11.95163344,13.99458666,62.5840775,커브
86.83663321,2823.596232,11.95253454,1.495279626,58.11984833,슬라이더
92.69801285,2206.428002,1.035076539,8.020790359,59.73871644,직구
82.35382041,2613.873274,12.51935894,1.169367103,58.03870098,슬라이더
88.45508634,2472.206851,11.86557242,4.873297776,60.50596402,슬라이더
89.15349597,2643.505348,13.80109144,3.324359282,58.22260722,슬라이더
80.83280135,1873.5622,6.899769434,9.385711512,54.20650478,체인지업
83.89938969,2684.150349,16.69652894,3.338483843,63.00174695,슬라이더
74.79819204,2504.232509,7.244764998,15.7239658,65.3408378,커브
86.88154238,2544.893887,17.07931682,1.542448501,61.53925626,슬라이더
80.69321977,2229.702934,14.38897875,3.67787532,63.7857645,슬라이더
83.03502521,2695.261193,15.52932467,2.690790923,62.17528736,슬라이더
85.52134753,2556.108485,22.80504934,2.646833707,62.75746252,슬라이더
78.90539202,1883.019181,8.252355807,10.16396962,52.09448736,체인지업
82.21881694,1587.126591,8.246156403,12.08415208,57.28149423,체인지업
92.16925852,2117.100499,2.926177548,8.954553959,56.10601993,직구
86.79038644,2394.701247,10.734568,3.122670316,60.80137995,슬라이더
93.94047959,2228.099187,3.687141635,11.42191994,56.77196449,직구
77.98139936,2333.937275,9.531184399,10.78329894,61.65095028,커브
83.95062492,1850.596555,6.369248743,3.848823982,59.70430962,체인지업
83.68396739,1748.060363,6.937090897,6.828144653,59.54588296,체인지업
85.65752482,2589.989309,11.6411477,4.838183677,65.87504236,슬라이더
81.8018114,1697.363079,9.758834082,8.643357083,56.20907714,체인지업
92.19629787,2409.238728,2.570598669,11.48652819,52.89963756,직구
84.92298306,2347.78649,11.10950416,3.452371796,60.2785347,슬라이더
78.18438488,1818.517554,8.982858905,6.352129026,53.83437234,체인지업
85.30083781,2501.552893,14.75195794,2.464671814,54.5968268,슬라이더
78.18128782,1799.759616,7.604124542,8.993747181,60.88091439,체인지업
79.36573616,1945.092755,8.641571452,6.435993015,59.04268484,체인지업
98.79358597,2201.25924,0.991913689,13.54160127,60.4028213,직구
95.68230395,2295.927083,1.780899471,11.9451089,53.04212806,직구
84.35033723,2527.503988,14.1866292,4.314914454,60.66971674,슬라이더
83.7220765,2581.219409,12.36605224,2.345924317,57.2828031,슬라이더
87.15736167,2412.747863,15.54306468,2.920358609,58.35382528,슬라이더
93.79872262,2128.469629,3.058424487,10.11144982,53.73943955,직구
77.84809795,2490.342541,7.102817171,12.76026496,64.72546382,커브
85.39582157,2687.161311,17.78352038,6.193107568,57.32642332,슬라이더
78.36769909,2864.260806,11.02850951,12.41673627,71.81642207,커브
80.57565227,1959.058207,10.93308172,8.356953328,59.28455874,체인지업
82.38084778,1715.314903,8.505137692,6.331353909,54.47147999,체인지업
95.11641744,2188.546015,1.55570674,10.05663675,53.28646303,직구
93.23228513,2028.686547,1.730125065,9.920889692,60.39305958,직구
78.36948116,2334.790463,11.99371755,14.27550766,61.61473609,커브
85.86008329,2300.315057,17.7977725,4.187679388,60.84048348,슬라이더
94.35587697,2167.861416,1.615444456,11.96538197,57.12506934,직구
82.77795746,1763.853723,8.869540129,10.02527482,53.50295212,체인지업
86.1001042,2504.800622,12.51722934,3.31917451,58.07555521,슬라이더
85.07600696,2506.571721,21.16862139,2.552678104,56.72880277,슬라이더
76.71702618,2641.453466,12.40015791,13.92111098,66.33670567,커브
80.00118857,2497.703523,14.93589812,4.639964529,59.835318,슬라이더
96.62505164,2174.743185,1.88767195,8.574308435,53.16163393,직구
75.11229037,2838.821881,13.98503071,14.01165664,62.57253929,커브
79.58104613,1698.524051,4.50472698,3.734808748,55.46517568,체인지업
82.72283463,1906.137096,5.255068904,8.615225336,57.03391554,체인지업
82.28717587,1771.196113,4.804801661,7.696571133,60.54883597,체인지업
84.25877134,2491.634638,17.01954405,4.139878561,60.78096552,슬라이더
81.81108257,1927.696539,8.992398375,10.43638942,55.60017848,체인지업
82.90701743,1692.914758,9.044501272,7.528060026,61.10826295,체인지업
95.66252686,2244.381943,1.446350695,10.39616952,53.34333087,직구
88.00151958,2528.807367,12.33752347,3.998310898,54.94968542,슬라이더
86.45525909,2499.089363,13.3072572,3.871297297,58.69084233,슬라이더
95.99342831,2235.778736,0.405572341,11.51397723,57.81485142,직구
79.27083606,3019.944358,10.78139184,16.37184121,66.57518919,커브
80.22864339,2522.58006,11.21370119,19.02442775,65.85885273,커브
95.19930273,2262.411982,2.259722502,8.920480639,59.69657209,직구
91.97030555,2142.309634,1.143916174,6.678078133,55.08065752,직구
87.01963418,2111.343656,16.10209652,4.373658545,64.12331428,슬라이더
75.52178585,2601.412632,7.508565247,19.66248126,58.44206335,커브
81.20863858,1943.633541,5.656691305,12.42506208,57.41382895,체인지업
82.31394592,2086.840306,6.77175487,7.634862051,55.87063302,체인지업
79.61424519,2463.074035,11.12921185,15.88972664,58.18451365,커브
95.71422514,2266.213067,1.044459559,7.741896458,53.40739368,직구
81.81272762,1918.349367,6.650131962,8.068054822,55.01841198,체인지업
84.6515933,1682.195913,7.193848022,8.222745204,59.26057463,체인지업
77.61234772,2653.175646,10.54299062,17.00502147,68.25660705,커브
76.1201938,2509.581933,8.164994358,14.98043605,63.71502894,커브
79.79266034,1821.257403,11.840735,5.914844611,67.4561702,체인지업
80.10850788,1792.255654,7.405035598,10.00364971,56.80841405,체인지업
95.51976559,2152.896169,-0.4716445,11.03531804,60.53991099,직구
81.17278893,1822.228986,8.390963463,12.09962419,54.34815192,체인지업
86.74013546,2708.531132,12.84953304,0.827330454,61.9141533,슬라이더
83.10608017,1813.42965,3.788706116,7.699514022,58.72901417,체인지업
95.13712595,2110.274563,0.338479938,8.043254445,60.64347121,직구
72.87533268,2488.339649,9.540400739,13.22293213,65.39227016,커브
83.79726471,2802.008087,16.30967941,2.839867204,63.56674011,슬라이더
78.11986526,2528.33197,12.09463541,17.11351962,63.88446642,커브
78.30351598,2700.356547,9.899590766,10.3541451,72.949104,커브
84.6073003,2177.066411,18.78775231,2.741095026,59.95664319,슬라이더
89.58188515,2586.893725,12.75836496,3.742127491,60.85666222,슬라이더
79.48164869,2733.18485,9.74909148,16.10294788,67.74203096,커브
77.73144168,2663.930365,10.07587567,11.30243006,61.45327631,커브
81.60102236,2883.920601,11.14411488,19.21010991,69.98756686,커브
89.17674941,2473.756036,12.54540335,3.634721469,63.51937391,슬라이더
82.85097987,1822.899639,7.224600167,9.56574747,57.55017784,체인지업
94.56065622,2211.351735,1.872082409,11.44334413,62.58079728,직구
78.37941234,2583.312406,11.69686176,14.90568249,61.19232616,커브
94.4166125,2267.959775,0.241260514,12.18838304,54.15464617,직구
84.27511812,2525.404124,13.25842965,4.296994547,63.91302073,슬라이더
94.67742858,2197.909841,1.349357431,6.886741653,55.5732972,직구
77.96147924,2691.554573,10.73496333,11.82327724,64.22121082,커브
85.47757832,2576.198699,9.717573564,3.201159656,61.27218313,슬라이더
76.64964345,2960.869622,8.556524893,9.370341882,65.73533807,커브
94.5484474,2013.273481,3.755340842,10.94293671,59.22804232,직구
86.70044348,2453.63253,13.6876251,2.568379687,57.5823898,슬라이더
79.70179592,2687.34771,10.15191054,11.47321618,62.87514282,커브
81.25035589,1807.71565,13.0231131,7.103550767,59.71152163,체인지업
83.70612644,2581.494704,17.15685993,2.200807993,55.45885682,슬라이더
84.03222833,2541.849124,15.80577684,2.24820895,57.84254004,슬라이더
81.0577507,1845.122532,12.09372439,7.169572464,60.43239594,체인지업
81.58677744,1893.791554,8.585430964,8.91561122,57.06907688,체인지업
91.08065975,2218.645431,0.619898542,10.14663593,52.00493788,직구
81.25536189,2027.144975,8.672289926,6.013282601,62.93013447,체인지업
79.65894968,2505.99157,12.03532293,16.79638317,72.33022817,커브
87.63478813,2313.420515,18.98458243,2.708188731,58.55081684,슬라이더
82.50294722,1841.644604,8.950861365,7.683692311,57.72446571,체인지업
86.56330367,1792.602714,12.6072775,8.514397941,52.07353669,체인지업
93.22097114,2202.451017,2.018418379,11.41550387,55.38431324,직구
85.15727038,2637.861472,21.18451073,1.999668675,59.22361181,슬라이더
78.85177441,2415.628037,8.78659941,16.71938344,66.03101016,커브
94.85110817,2179.780735,1.169049884,13.39291274,61.48976417,직구
79.18362827,2528.59416,8.162626977,12.36055694,68.82120223,커브
85.7638709,2382.101581,15.67405418,1.820960209,59.92078273,슬라이더
83.62369931,2418.063333,17.74075388,2.862551485,53.59297736,슬라이더
77.72110745,2733.2625,7.322788401,15.2860326,66.16877091,커브
84.87481374,2257.96579,10.93025459,3.194607455,60.58420858,슬라이더
94.38157525,2129.233053,0.964757678,9.951749826,56.41424667,직구
81.17714679,1937.053614,8.851687317,4.043549501,57.86532091,체인지업
82.40877806,1728.777924,7.24739855,3.827044683,59.77404773,체인지업
92.97433776,2122.717479,3.551151976,10.21878959,55.8011508,직구
88.22742254,2467.983569,15.96950314,2.980580394,58.60406863,슬라이더
93.39544546,2261.037027,2.562969237,7.183077407,58.83535559,직구
83.7488746,2549.632035,15.92649904,3.579633173,58.06131807,슬라이더
79.06642962,1772.018966,6.336090165,4.337710243,59.51872297,체인지업
82.76066021,2287.942825,16.76573521,2.977131938,55.01252404,슬라이더
85.39519921,2396.06422,16.66869003,1.436809191,60.44037904,슬라이더
95.80810171,2211.732738,1.512874616,11.2120199,55.13930964,직구
98.15842563,2251.503527,0.932379571,8.452421602,55.66640131,직구
83.92952958,2762.436511,14.24750095,2.747646498,62.68511494,슬라이더
96.17371419,2099.398262,1.236740843,10.34173088,58.58513989,직구
98.04605971,2305.380205,2.046980594,12.71127572,53.61317413,직구
81.70920251,2354.039659,17.65213619,1.398034188,61.93564676,슬라이더
78.9964435,2295.528163,8.149150748,17.68606629,62.88408917,커브
84.08344933,1967.639303,9.631002045,6.856507916,62.18036358,체인지업
94.94697225,2309.877685,1.949761891,9.806573776,55.65745098,직구
99.92648422,2281.350964,1.092436338,10.79827223,59.73235984,직구
86.46528015,2512.274404,19.62632986,3.12637958,59.73491112,슬라이더
96.53486946,2251.378595,1.857620515,7.510690593,53.56375414,직구
95.68723658,2376.545424,1.486133083,9.53813094,53.08678005,직구
79.32903686,1732.300486,2.93550783,6.418201237,59.54084339,체인지업
78.01359969,2652.056101,13.51724097,16.43832455,65.79924173,커브
81.52057244,2361.898961,12.44843864,2.392178013,54.75440408,슬라이더
91.16245757,2178.23188,2.270456826,10.42203493,54.0766653,직구
91.78503353,2224.496657,2.529804178,8.750362845,56.95060353,직구
78.46140181,2326.808858,10.77922835,14.54748687,71.08402491,커브
93.01892735,2315.811087,0.372457562,10.03686787,53.32323446,직구
78.4879064,2494.793031,9.383034423,16.67441854,64.23798758,커브
83.06331109,2386.987319,15.25843165,4.340450446,61.29576763,슬라이더
86.19480014,2441.773477,11.49024949,3.950307592,63.25735897,슬라이더
92.35908677,2059.253623,1.796954614,8.489234135,52.92427579,직구
79.97466903,2568.820364,10.07647599,14.38242171,57.3509801,커브
77.09350318,2480.497961,10.05077684,17.27036604,63.45991275,커브
92.1753926,2208.187414,2.067518481,10.44776805,58.19644113,직구
80.47226144,2502.554287,14.72774499,16.7460797,66.83354681,커브
91.89867314,2198.775323,2.638592459,10.39169051,53.33440142,직구
79.27678385,2563.360676,12.48935916,15.07170913,60.47972264,커브
82.79282137,2773.901457,12.56924269,2.30757902,61.22115686,슬라이더
94.4019853,2139.978312,2.311250155,13.50454089,55.67136385,직구
84.14122112,1697.424732,8.102395804,6.326158592,55.17232598,체인지업
86.92817434,2449.437104,10.2158908,1.383689392,55.49108901,슬라이더
84.14376968,2558.997676,16.25859733,4.521316052,59.37233438,슬라이더
81.3149016,1900.744397,9.147488842,7.321755441,61.71296127,체인지업
78.96130785,1634.337679,9.681468964,6.028392383,56.85154843,체인지업
96.64412032,2222.409248,-0.038124535,9.930023019,52.97082309,직구
97.61428551,2224.368721,0.870293145,7.440846067,57.61737198,직구
84.85679748,2558.286791,13.34442556,3.586693801,61.63885274,슬라이더
80.97972688,2819.430542,10.86591965,14.11017762,60.40923444,커브
84.65728166,1845.816811,7.773743895,8.554716924,61.35050133,체인지업
93.99648591,2004.79122,0.57774629,11.42599686,60.54012198,직구
84.4005235,1694.985926,6.785291134,5.254281097,56.80030281,체인지업
81.22295845,1701.212666,10.12788198,6.104214565,61.51515374,체인지업
79.01094032,2778.519468,9.651291484,15.93392602,63.90402767,커브
89.15052175,2392.23891,16.36766332,3.883109777,64.83666188,슬라이더
85.63612385,1935.54428,5.430831469,8.145748196,61.575698,체인지업
83.75246208,2662.884335,15.26522066,2.867366254,56.41822498,슬라이더
78.26036732,1799.968633,6.932799387,8.078894096,55.78968959,체인지업
95.48392454,2295.400176,0.465885829,10.55993725,59.34093365,직구
80.53393401,1708.37259,6.565967702,7.87062279,55.78188578,체인지업
81.03287703,1819.613146,9.005489615,9.991163028,63.56650994,체인지업
89.50487161,2558.770601,12.59046315,3.952874547,69.4132456,슬라이더
93.87542494,2275.896922,1.251513463,10.25844236,50.54331888,직구
78.60094872,2795.77161,8.620544452,14.26775858,56.47773408,커브
87.76018271,2266.615653,15.06381473,5.589563642,61.28158309,슬라이더
76.26573957,2902.230986,8.336355584,19.55785177,68.33333565,커브
83.78739538,1807.814306,6.163746033,6.229502628,56.35539911,체인지업
94.1069701,2110.158533,2.071566237,10.85923644,55.62514842,직구
84.98987645,1857.407122,5.521894595,8.290127492,60.28253996,체인지업
78.36404155,1941.853135,7.345965365,9.066718489,60.07857275,체인지업
83.02281779,2409.157669,12.79622527,2.570697775,57.681367,슬라이더
81.74096551,1684.664949,7.633699058,9.866256145,59.28802247,체인지업
80.488417,1701.769642,8.848787876,12.6158325,59.64495888,체인지업
85.3597883,2601.688881,15.60170759,1.593682536,57.0850298,슬라이더
93.43349342,2117.45028,1.139586635,10.51205947,51.93630155,직구
95.60309468,2202.100384,2.755391226,12.20660376,55.83706458,직구
82.06888202,1796.098048,10.20264592,6.73448994,59.44272428,체인지업
77.18143512,2716.882596,12.76290816,14.34586231,58.9334298,커브
84.48191571,2334.495009,10.42303106,3.283287872,58.57848196,슬라이더
87.21636563,2580.476477,14.48944613,3.409818657,59.67809357,슬라이더
82.33194901,2398.342695,6.23594855,3.115026079,62.26287399,슬라이더
76.37828498,2492.839707,8.00836921,14.89916231,66.41001987,커브
76.18602356,1842.831669,8.693419955,10.50568527,64.5522902,체인지업
84.30780147,1869.52029,8.836411512,8.093869804,58.54750309,체인지업
75.62117621,2999.133498,7.829698947,15.74792579,58.93130521,커브
79.63577932,2299.38394,10.68010259,18.98679996,66.14931562,커브
95.34915563,2140.842861,1.13600923,13.50958836,57.2387607,직구
85.44890364,2585.347462,16.47292485,5.062524919,59.90031003,슬라이더
85.63956387,2520.4803,17.71180452,3.671340076,62.12491154,슬라이더
75.55857515,2692.412179,11.71917577,15.94846787,63.0010793,커브
74.78467795,2528.046271,12.92835448,14.23146074,70.05482671,커브
83.4914483,2478.386867,19.62973058,3.808057798,59.14198733,슬라이더
95.36926772,2149.305682,3.441568621,10.0521821,54.70247241,직구
85.15364378,2336.153085,14.5979485,2.608241851,59.07589715,슬라이더
78.73744837,1783.436859,7.935438778,4.062153715,56.16584426,체인지업
83.90309954,1663.417584,9.357893976,7.084303228,61.7485147,체인지업
84.5507337,2734.22668,13.89891648,2.247843594,61.54853486,슬라이더
78.87695148,2541.20661,10.94726415,18.69262354,68.47661837,커브
89.28454072,2562.069865,12.482371,2.331855914,58.04999226,슬라이더
82.90120683,1976.118812,9.000480939,8.848133723,59.7577126,체인지업
84.90615884,2663.696518,18.58989446,2.761067901,56.68288599,슬라이더
78.00241095,2896.823206,7.400837526,13.18576601,64.677601,커브
78.53759739,1958.983898,7.793137551,3.963024271,60.6625119,체인지업
79.11538212,2681.730562,11.84854028,16.86813367,60.57482595,커브
79.56920858,2755.787301,15.97051801,13.48275989,67.98002125,커브
82.89843744,1924.961891,10.7690641,9.528059563,59.46268089,체인지업
77.47097032,2512.656053,11.10295255,12.7974786,66.92826691,커브
96.92675226,2269.014399,3.201213922,12.29854665,54.73079292,직구
94.84579658,2345.114361,2.326927374,11.26481548,57.52193065,직구
83.21649238,1680.470624,10.62396748,7.004858323,54.69319078,체인지업
80.84549627,2499.164034,11.36665799,16.65689981,67.13926935,커브
98.70455637,2221.645859,-0.039232178,13.05910064,52.24404416,직구
74.89248247,2730.090019,11.58074379,16.86620997,63.85020992,커브
79.95767508,1785.103069,6.375195302,7.681275536,54.00166781,체인지업
78.92434533,2414.097828,9.08539669,13.32773084,67.40847328,커브
78.34668333,2698.40377,9.565965899,15.13054401,67.56191918,커브
95.22184518,2308.89506,3.368631558,8.977568647,59.36015343,직구
82.82523084,2687.900246,10.35042284,20.8624723,62.12467045,커브
76.97357287,2684.317322,10.65575905,8.699920477,72.39443533,커브
79.41371691,1853.20062,8.645949007,6.950865972,61.97629633,체인지업
95.72327205,2155.995551,1.469498852,4.698060383,56.97563282,직구
85.60527093,2359.099691,20.65375892,2.464036555,52.40913743,슬라이더
87.37894098,2407.9896,16.54080032,1.946317581,60.76121898,슬라이더
86.99253364,2681.964655,12.64530506,4.615375689,63.93092624,슬라이더
81.0980403,2609.954737,11.83690889,16.0270135,64.08180538,커브
80.79435869,1923.000057,5.845247846,8.336119612,50.8290869,체인지업
79.46133901,1778.433236,7.817200885,10.05891496,53.82933422,체인지업
94.39779261,2286.575519,1.91087996,6.993714094,56.14722924,직구
82.31610698,1817.775011,10.14863603,10.60701586,52.33105212,체인지업
76.34300595,2427.444847,8.870451992,11.54695775,53.03545612,커브
78.75281905,2810.389524,11.14122599,16.16042556,64.81795102,커브
93.28568489,2140.060735,1.584712086,7.329311283,56.27637269,직구
86.22554781,2504.227174,17.08916234,3.672573701,55.28737154,슬라이더
78.00105592,2254.838654,8.788278358,17.03742833,56.04707507,커브
86.39644663,2507.329011,17.98814306,2.517256478,54.59058097,슬라이더
88.28403032,2413.52344,14.32056332,3.5112026,58.21301612,슬라이더
84.92555553,2873.949928,22.67459786,2.525096343,60.01926681,슬라이더
85.78697077,2506.088754,12.72961473,2.046671392,55.24759217,슬라이더
76.61057374,2621.178891,13.49916781,20.42791905,66.18249795,커브
80.12041981,2357.765614,10.45061584,20.09987212,64.02646408,커브
86.10497991,2354.257894,21.17248641,2.203974143,57.35437605,슬라이더
75.47967047,2842.388797,8.263414536,14.7781573,61.20433392,커브
73.57627618,2606.559399,12.19293847,13.53839124,58.38045026,커브
92.66264392,2168.973324,1.022444755,10.30060352,55.55982737,직구
95.94718486,2132.283829,0.7889838,6.594832792,48.40358213,직구
80.40776887,2370.241193,12.90652133,10.30559169,62.32888177,커브
86.29439188,2886.956401,13.25076768,4.029960818,60.8613725,슬라이더
86.40234548,2525.562433,6.38321336,4.710613373,60.29394946,슬라이더
83.22043234,1801.249932,8.291042396,7.00613595,56.15703057,체인지업
81.28394124,1825.797598,11.25833273,4.427249069,53.16529792,체인지업
74.21277067,2408.712725,13.34690418,13.12696383,64.61814301,커브
87.9530807,2535.067887,18.71484921,4.187386052,62.9083716,슬라이더
85.99136378,2583.671546,9.400390149,3.847421677,61.50253342,슬라이더
77.70443936,2549.692223,9.909177564,10.39328363,70.55335111,커브
82.88600426,1665.787225,11.18888478,7.755885736,59.16493602,체인지업
92.88457814,2134.839965,2.717542256,9.14623786,52.6966073,직구
77.71096266,2561.819242,10.35364174,16.85913434,75.77213466,커브
83.69716399,2398.976406,15.17103937,3.298752908,53.5445538,슬라이더
85.98806037,2200.939654,15.72225954,3.194384302,56.4190895,슬라이더
78.55475388,2470.491639,12.33917998,17.36717006,68.38063188,커브
83.15971457,1913.731454,7.286653732,7.554558598,59.13891895,체인지업
77.61794447,2379.969153,8.297187131,15.37064309,70.18348713,커브
77.24960724,2526.144572,4.728504522,15.58507495,68.72876626,커브
82.14536105,1690.783637,4.336635506,5.600604943,54.46189264,체인지업
92.52609858,2055.191566,2.577072127,10.37353353,50.42342449,직구
92.50852244,2383.145877,2.333662105,7.446502848,52.95404726,직구
75.77708409,2394.125698,7.972208095,16.88858875,61.70194335,커브
84.48524693,2416.376232,15.92222009,3.484732817,62.12464327,슬라이더
81.33427919,1804.600275,11.79457739,6.543845804,55.63198448,체인지업
79.87514028,2599.858281,7.703473422,18.82462512,62.8018389,커브
79.34572247,2296.425251,11.11102529,16.68864258,61.44303669,커브
86.18950868,2433.507662,10.31236243,3.123204807,59.41527516,슬라이더
78.41931883,2226.69201,12.24870672,13.67086794,68.80579711,커브
77.36785429,2382.834974,11.44312501,9.112122925,61.36126633,커브
81.92485871,1645.427021,11.71540469,6.343607454,62.58409408,체인지업
86.54339742,2583.749037,14.58463205,4.317115067,59.59707378,슬라이더
87.34545804,2562.852851,16.14347515,4.317597536,59.24986046,슬라이더
80.82693746,1633.140074,8.281965399,6.020084415,60.93666868,체인지업
78.32952168,2739.765684,8.580840291,16.2445965,68.98628204,커브
82.9469438,1850.278443,7.901941318,7.258834475,56.95168202,체인지업
94.97300555,2204.557184,1.730593166,9.683984203,51.9875777,직구
95.12046042,2282.541635,1.761051953,8.910161826,55.74815105,직구
83.69354155,1870.607891,8.661702609,6.570638646,59.13745936,체인지업
84.6186352,2496.245956,11.57493266,4.107080669,65.197545,슬라이더
77.34276305,2706.90113,7.297851268,13.94575729,63.19994857,커브
74.8037513,2230.762428,12.47487627,16.7850884,71.06557622,커브
85.40219809,2408.57317,11.92743953,3.709451817,59.49556854,슬라이더
84.72082074,2386.638226,14.98987663,4.109699842,61.10892658,슬라이더
85.9070686,2723.608921,14.55719224,2.696820217,59.68215494,슬라이더
84.80332075,2655.985703,18.49421806,2.962963203,62.84257939,슬라이더
85.88094948,2527.702046,11.97080789,2.248030668,63.21045071,슬라이더
98.09986881,2185.294262,2.047398671,10.94519496,53.49383733,직구
97.0070658,2056.985862,2.75750771,13.00798598,56.00337037,직구
83.55031099,1917.019871,9.955631099,8.146393982,60.85004749,체인지업
84.01248683,2521.257537,16.9448413,2.677679531,64.18705143,슬라이더
86.08720031,2394.248222,18.86925826,1.993457435,60.86608089,슬라이더
80.28029808,2822.537675,10.51076751,13.10526681,60.77376943,커브
82.83921994,1833.802348,6.929366575,10.11473661,52.27599359,체인지업
84.51168673,2522.300119,13.60189049,3.799941902,67.93303004,슬라이더
81.07367728,1875.749515,7.84555791,8.702959801,58.80788426,체인지업
80.24206133,2620.871188,10.52697443,12.64571428,60.61078989,커브
76.9518232,2995.288117,7.41547461,12.45709821,70.9077377,커브
85.84833189,2821.772369,16.52350727,4.148445709,57.03846142,슬라이더
92.7140594,2323.781631,2.377300493,10.05951228,56.71774834,직구
75.99562509,2699.548618,9.490088413,10.80208148,68.0316874,커브
79.59570095,1918.673462,8.037638099,8.320979248,55.828029,체인지업
75.72233376,2438.346856,12.88726401,14.59650965,65.86158602,커브
81.16806614,1813.106519,9.80803511,6.894158325,61.87193338,체인지업
77.04755825,2777.377478,8.839893517,11.7241983,62.12832444,커브
94.04165152,2107.306953,3.964725133,8.852675986,55.60876906,직구
81.33842155,1902.698626,5.554209961,5.655532493,54.6295179,체인지업
77.29191858,2778.076633,9.165266373,20.96118334,68.50418717,커브
83.38544551,1864.648954,7.562693445,8.677374636,60.98835464,체인지업
77.79349048,2738.695782,12.04276659,16.15896995,64.25241537,커브
78.23997993,1661.401206,10.29288174,7.348777896,58.08537274,체인지업
95.59224055,2289.959988,0.962753846,10.65226604,54.49864576,직구
95.46450739,2184.006147,2.254420843,12.10728359,59.33129381,직구
77.55359549,2169.331416,14.85343297,7.411319767,66.29622811,커브
84.83856684,2485.166552,21.01827866,4.938928999,58.88996691,슬라이더
96.62703443,2241.293145,3.006292809,13.33094889,55.73140214,직구
81.39828051,2008.604705,11.42408057,8.562018501,61.02841537,체인지업
81.32294033,2723.40119,6.24015123,19.71905918,68.10962941,커브
79.67643231,1681.812587,10.4416426,5.128180952,53.75419842,체인지업
77.46669534,2415.153371,9.594038725,11.11165001,65.3734895,커브
78.03829555,2399.208526,10.42256738,9.642400524,60.0329577,커브
77.90011744,1877.192015,5.71798298,5.7719071,60.48468907,체인지업
85.24006265,2477.9497,11.6903749,4.281016362,64.23279714,슬라이더
95.75139604,2092.225522,2.68605146,9.74842616,53.43141992,직구
85.11926074,2518.344625,18.55711246,2.354035821,57.8747797,슬라이더
87.72828086,2401.465858,12.81599118,3.021311649,57.76529207,슬라이더
95.94647525,2234.175598,1.5406391,11.66784431,59.51019491,직구
73.99227527,2586.773477,10.68117843,15.24598667,66.47493259,커브
80.47789271,2479.915287,9.875617966,17.09370982,64.75198396,커브
82.8645259,1703.529457,10.7529929,6.009703036,56.76333776,체인지업
82.893745,1818.947982,9.778074245,8.533636793,56.8073267,체인지업
81.50294276,1855.405777,10.77269879,7.83256408,57.41115805,체인지업
86.70683112,2367.279593,13.41284197,3.551485376,63.40131029,슬라이더
81.61146174,1794.609515,6.408885864,14.48618594,57.73769401,체인지업
96.02653487,2137.730048,2.881639757,10.88852662,58.32611074,직구
93.79658678,2126.963337,0.816741487,6.615070741,50.96664847,직구
73.12236568,2244.282483,8.473427792,17.54452264,61.64565681,커브
78.95271554,2205.979236,9.952895698,15.5918768,71.25155507,커브
81.85899879,2409.142762,15.18503955,3.760055964,62.58718042,슬라이더
82.43401555,2452.538733,15.04406458,2.077589816,62.3389816,슬라이더
76.0529076,2758.12512,7.960671323,16.38955439,61.30213605,커브
79.34096123,2683.679644,9.442074139,18.24530018,56.66354824,커브
76.911772,2535.866475,10.96373212,12.544714,62.85865965,커브
94.7234714,2256.078453,1.400624977,8.155669352,53.45186582,직구
77.64829119,2811.987277,6.828033376,20.26642709,69.82397807,커브
81.42290261,1863.866017,7.744690637,8.889547616,61.88818919,체인지업
87.79871087,2518.783675,11.85926705,2.817103559,65.70357206,슬라이더
92.858215,1987.610428,2.632781866,10.7603957,52.09907157,직구
81.81401253,2445.201767,7.911202693,3.213196628,61.05434462,슬라이더
92.60758675,2097.561236,2.213979911,8.913150458,60.38763302,직구
85.40502932,1712.703891,7.838243004,9.74463076,58.47328432,체인지업
75.1520857,2553.919857,7.361505611,12.6900118,64.50916427,커브
84.35930538,2374.697942,19.58540528,2.573642404,59.36660928,슬라이더
87.04514086,2679.485725,17.21053169,2.753937512,61.6668134,슬라이더
82.62636895,1702.027878,5.401567273,7.955442042,58.55924851,체인지업
96.6543665,2123.265244,-0.211135309,6.85955056,49.33137781,직구
82.89316887,2498.632151,17.86591563,4.899881935,56.61969759,슬라이더
95.41772719,1997.485741,3.628615546,11.64634117,59.65150148,직구
94.06854049,2313.556564,0.875357908,9.888830658,53.68080683,직구
85.29896179,1821.662498,8.090445418,6.167358162,63.00720858,체인지업
76.3297142,2823.479763,15.24158618,13.52653876,68.64545089,커브
78.17731518,2464.858384,8.428027935,15.78132679,56.65189193,커브
95.82556185,2159.877953,1.591924627,8.59364715,59.32035165,직구
86.99602022,2399.786432,17.33508323,3.350630099,62.09086321,슬라이더
77.14151116,2778.039682,8.399922871,13.63163752,60.4791851,커브
96.31310722,2117.276906,1.579015519,11.40061976,56.34312568,직구
95.39372247,2285.243333,1.944452301,7.409842456,54.35803347,직구
78.49300956,2329.465943,10.17137432,12.58705272,62.56564111,커브
77.28510915,2408.569817,10.77831839,13.05070432,70.089414,커브
84.3567299,2606.216302,20.18089155,2.096298139,56.29695338,슬라이더
86.76731987,2316.40896,13.04592932,3.428307097,56.91697458,슬라이더
96.08512009,2585.273149,2.514438834,12.99208862,52.31617809,직구
82.17907744,2889.699846,7.776065948,14.14537352,65.42301517,커브
83.62162436,2634.238657,21.49500703,2.922162803,62.69051795,슬라이더
83.14478062,1836.166106,7.877992056,10.70440536,53.77955497,체인지업
96.95109025,2277.463405,0.802122107,9.711279176,56.89879545,직구
95.1941551,2179.187775,1.992027359,9.278067668,57.46144654,직구
87.21105187,2508.497489,18.66310109,3.513105798,54.06210057,슬라이더
94.61527807,2330.547881,1.423228669,9.924730595,54.7141134,직구
84.40106332,1713.829693,7.395638826,5.760907743,58.90510003,체인지업
84.08223147,2469.462946,18.52042157,4.412220555,54.35445286,슬라이더
83.1034816,1872.147932,6.935662874,9.789294375,54.44790833,체인지업
85.69300776,2685.413976,16.333808,3.546733568,58.76755714,슬라이더
78.38717982,2639.789629,10.94400454,16.65975366,65.77643052,커브
95.02600378,2287.232064,2.235614558,8.545725648,53.64308104,직구
93.63995056,2285.765962,3.167782062,8.048253494,51.24538173,직구
78.9299195,1997.254218,10.51846648,8.015760369,51.80475086,체인지업
82.11989823,2640.147987,15.9053757,3.50109417,59.91221156,슬라이더
85.56238285,2756.756272,11.23713173,4.69505104,51.1788341,슬라이더
94.34467571,2284.96021,1.138715799,11.23187121,58.50788677,직구
87.32165357,2364.413854,16.18401459,2.495225079,63.38011541,슬라이더
79.93079497,2669.535297,12.1459561,12.90968454,62.45076901,커브
76.98207275,2409.212116,11.65209434,17.82393174,71.50383566,커브
78.2605166,1828.375102,4.447976492,11.79553403,55.9896544,체인지업
75.3823592,2563.755165,9.9130461,19.23137744,59.37924061,커브
85.2637138,1872.113536,5.878789867,9.640316374,53.56922522,체인지업
77.09962147,2692.518259,11.38583725,14.20965535,64.25068393,커브
83.0172153,2324.483046,14.69953777,0.296767707,54.6809026,슬라이더
79.76562708,1887.645565,7.871631677,10.45842957,55.32904646,체인지업
95.58614495,2198.098379,2.337602662,8.101202222,54.75354646,직구
80.20671555,1786.300451,7.928348843,5.051735736,54.16290779,체인지업
84.31814813,1844.130715,7.776982346,8.517322296,61.27258501,체인지업
84.55892986,1692.468761,11.87030808,7.369826538,61.00489548,체인지업
87.75141363,2500.456903,20.31675479,2.831178277,58.8250543,슬라이더
98.07607313,2056.413785,-0.301921165,5.853219535,52.60510827,직구
76.36582274,2671.12267,11.65946484,8.383301829,61.66777577,커브
77.84847143,2704.502821,11.62641037,19.29410035,80.70495083,커브
82.54846867,2751.655122,14.25392662,2.044877421,56.56882138,슬라이더
82.44843281,1905.872853,11.17725386,7.92998478,53.88477061,체인지업
86.27746044,2489.425183,14.3205477,3.738810481,56.78177092,슬라이더
79.8524308,2583.695465,9.581372361,16.8768928,69.91592201,커브
79.2315423,2735.874657,9.538267252,16.04895014,61.2539745,커브
96.50386607,2186.985695,2.751387123,9.886108753,55.58226998,직구
76.9837196,2756.678102,9.2257387,16.40780277,62.89500857,커브
88.36785538,2443.130839,16.98864381,3.024219457,59.61438747,슬라이더
81.80675266,1840.048139,8.448679314,9.329405491,64.04582533,커브
83.03125618,1727.17278,5.867530136,7.827860614,54.8510335,체인지업
87.37406061,2579.453913,16.74629311,2.740453322,62.24373077,슬라이더
78.30470974,2287.151678,11.37941561,13.04373333,60.32888179,커브
81.2615856,1765.909212,4.864281149,8.658213557,55.49715457,체인지업
95.59396935,2178.655285,1.396014813,7.186677806,55.73001835,직구
97.06199904,2048.063003,1.469742382,15.14671961,59.26151274,직구
86.84926737,2435.589169,16.60995826,4.374876419,59.81801756,슬라이더
93.646156,2412.21562,1.014273954,9.462222619,53.08783862,직구
79.31849134,2537.388394,11.62279311,17.69119859,68.6615611,커브
82.40465759,1888.140753,8.104516981,5.713961376,54.70789504,체인지업
75.52148321,2550.59486,7.347055743,19.36746697,57.28930968,커브
76.35516014,2923.442515,8.994050459,11.73110089,65.86710226,커브
82.54478437,2454.629547,13.40189748,1.932197078,61.40307952,슬라이더
82.87462637,1759.560258,7.54504748,5.968242346,59.08194367,체인지업
96.56364574,2223.204994,1.203104745,8.548512374,51.7897457,직구
94.55307443,2124.086734,2.181866255,11.1195809,54.98919238,직구
83.85259999,2546.473107,18.21752201,1.561722022,60.23055565,슬라이더
81.18062681,1642.300352,10.13675867,9.172331601,52.93245089,체인지업
78.97105938,1866.541682,8.350573558,10.38547033,56.88442635,체인지업
75.96981162,2906.745542,9.183798322,17.46103204,63.9645824,커브
80.27223408,1679.297835,9.022999151,9.744394,56.82084173,체인지업
78.97574457,2613.868867,9.016195105,15.90332202,64.3789638,커브
95.62849467,2176.318139,2.115674634,11.45153325,57.66889239,직구
84.9607244,2297.931057,16.85746278,2.680946064,59.92043622,슬라이더
93.59589381,2141.063524,2.077368308,7.837873345,58.20002407,직구
85.84384151,2682.814278,9.694681903,2.650683204,61.49009767,슬라이더
86.30464576,2505.11252,13.41414995,2.812855735,63.79712352,슬라이더
78.7809297,2847.156438,10.96449791,16.79168465,60.5908314,커브
84.43864985,2468.601448,14.89307555,1.679977489,58.83444464,슬라이더
80.58621486,1833.855288,10.36128182,10.13034393,56.33164376,커브
83.55205583,1980.719664,8.388103887,6.480593765,58.2600931,체인지업
80.78699322,1684.66676,8.465573486,8.644164622,55.80510478,커브
80.28645581,1814.808942,12.10594405,8.728280592,57.54610234,체인지업
77.79355649,2385.789264,7.524675155,12.15495599,67.72543804,커브
77.53196028,2376.695112,11.71690223,13.45071107,57.7175868,슬라이더
92.61739301,2232.271856,2.394452142,8.28328444,56.70930184,직구
80.72131719,2748.838394,9.541218512,15.25147988,64.80441127,커브
94.15870935,2143.981896,3.90941664,12.09801845,53.81998356,직구
94.07872246,2152.505469,2.366598246,4.606226714,55.86750593,직구
96.71279759,2249.191917,1.522342553,10.41537537,48.87479539,직구
81.00359863,2456.458818,18.62509869,2.322255029,64.79594151,슬라이더
93.18395185,2151.463645,3.179297184,10.96201846,55.24685197,직구
77.74554516,1775.731872,10.90200288,9.04255981,61.69066653,체인지업
77.63921664,2668.757576,9.893758694,11.39039743,67.92996841,커브
71.96097569,2470.125392,6.937784995,16.22928839,64.7903822,커브
95.5533816,2415.318246,2.829405581,11.24361992,53.6614497,직구
78.93271675,2847.162324,9.53075886,14.41060025,66.08022943,커브
78.42658741,2694.481256,12.6809221,14.44642393,57.89501467,커브
95.77063476,2153.082435,1.489983601,12.10630571,54.15669912,직구
96.58206389,2209.699596,0.330594719,10.61560354,58.22089525,슬라이더
96.64508982,2414.394409,3.502357052,7.975791249,54.89594534,직구
82.91180839,1631.265565,6.486472046,7.977815992,63.67132206,체인지업
85.50986614,1712.167692,7.176353262,9.462760505,58.95857401,커브
83.71111132,1706.207442,6.745373108,10.90523349,57.60981912,커브
78.06586059,1584.761646,7.277378876,8.357389434,52.46861925,체인지업
