day,visitors
2020-01-01,455
2020-01-02,450
2020-01-03,458
2020-01-04,567
2020-01-05,550
2020-01-06,451
2020-01-07,469
2020-01-08,462
2020-01-09,450
2020-01-10,461
2020-01-11,551
2020-01-12,551
2020-01-13,459
2020-01-14,438
2020-01-15,440
2020-01-16,453
2020-01-17,449
2020-01-18,562
2020-01-19,551
2020-01-20,446
2020-01-21,475
2020-01-22,459
2020-01-23,462
2020-01-24,448
2020-01-25,557
2020-01-26,564
2020-01-27,452
2020-01-28,468
2020-01-29,458
2020-01-30,462
2020-01-31,459
2020-02-01,584
2020-02-02,566
2020-02-03,456
2020-02-04,475
2020-02-05,455
2020-02-06,470
2020-02-07,449
2020-02-08,555
2020-02-09,571
2020-02-10,477
2020-02-11,472
2020-02-12,469
2020-02-13,468
2020-02-14,456
2020-02-15,564
2020-02-16,567
2020-02-17,483
2020-02-18,476
2020-02-19,455
2020-02-20,476
2020-02-21,470
2020-02-22,567
2020-02-23,580
2020-02-24,485
2020-02-25,484
2020-02-26,467
2020-02-27,472
2020-02-28,479
2020-02-29,586
2020-03-01,571
2020-03-02,474
2020-03-03,465
2020-03-04,465
2020-03-05,485
2020-03-06,491
2020-03-07,577
2020-03-08,588
2020-03-09,481
2020-03-10,472
2020-03-11,482
2020-03-12,494
2020-03-13,478
2020-03-14,594
2020-03-15,553
2020-03-16,487
2020-03-17,480
2020-03-18,476
2020-03-19,480
2020-03-20,460
2020-03-21,577
2020-03-22,583
2020-03-23,494
2020-03-24,475
2020-03-25,472
2020-03-26,475
2020-03-27,489
2020-03-28,583
2020-03-29,575
2020-03-30,485
2020-03-31,481
2020-04-01,490
2020-04-02,473
2020-04-03,477
2020-04-04,576
2020-04-05,565
2020-04-06,483
2020-04-07,482
2020-04-08,480
2020-04-09,477
2020-04-10,465
2020-04-11,575
2020-04-12,576
2020-04-13,471
2020-04-14,478
2020-04-15,483
2020-04-16,498
2020-04-17,481
2020-04-18,581
2020-04-19,578
2020-04-20,459
2020-04-21,478
2020-04-22,479
2020-04-23,502
2020-04-24,476
2020-04-25,580
2020-04-26,577
2020-04-27,465
2020-04-28,488
2020-04-29,484
2020-04-30,484
2020-05-01,467
2020-05-02,590
2020-05-03,561
2020-05-04,481
2020-05-05,497
2020-05-06,465
2020-05-07,469
2020-05-08,475
2020-05-09,569
2020-05-10,558
2020-05-11,474
2020-05-12,462
2020-05-13,477
2020-05-14,463
2020-05-15,487
2020-05-16,563
2020-05-17,568
2020-05-18,479
2020-05-19,458
2020-05-20,472
2020-05-21,482
2020-05-22,453
2020-05-23,570
2020-05-24,571
2020-05-25,475
2020-05-26,455
2020-05-27,454
2020-05-28,472
2020-05-29,469
2020-05-30,568
2020-05-31,569
2020-06-01,458
2020-06-02,466
2020-06-03,467
2020-06-04,456
2020-06-05,481
2020-06-06,567
2020-06-07,550
2020-06-08,468
2020-06-09,451
2020-06-10,468
2020-06-11,471
2020-06-12,451
2020-06-13,569
2020-06-14,563
2020-06-15,466
2020-06-16,476
2020-06-17,454
2020-06-18,449
2020-06-19,447
2020-06-20,547
2020-06-21,554
2020-06-22,458
2020-06-23,457
2020-06-24,462
2020-06-25,453
2020-06-26,467
2020-06-27,549
2020-06-28,578
2020-06-29,457
2020-06-30,442
2020-07-01,439
2020-07-02,454
2020-07-03,446
2020-07-04,555
2020-07-05,552
2020-07-06,446
2020-07-07,438
2020-07-08,431
2020-07-09,441
2020-07-10,454
2020-07-11,547
2020-07-12,532
2020-07-13,445
2020-07-14,447
2020-07-15,434
2020-07-16,444
2020-07-17,442
2020-07-18,530
2020-07-19,544
2020-07-20,446
2020-07-21,450
2020-07-22,450
2020-07-23,425
2020-07-24,429
2020-07-25,543
2020-07-26,542
2020-07-27,442
2020-07-28,475
2020-07-29,442
2020-07-30,447
2020-07-31,445
2020-08-01,541
2020-08-02,531
2020-08-03,441
2020-08-04,425
2020-08-05,430
2020-08-06,428
2020-08-07,433
2020-08-08,555
2020-08-09,512
2020-08-10,438
2020-08-11,414
2020-08-12,425
2020-08-13,440
2020-08-14,430
2020-08-15,518
2020-08-16,521
2020-08-17,435
2020-08-18,420
2020-08-19,430
2020-08-20,428
2020-08-21,420
2020-08-22,548
2020-08-23,532
2020-08-24,406
2020-08-25,427
2020-08-26,419
2020-08-27,433
2020-08-28,417
2020-08-29,523
2020-08-30,529
2020-08-31,433
2020-09-01,412
2020-09-02,420
2020-09-03,418
2020-09-04,416
2020-09-05,540
2020-09-06,527
2020-09-07,410
2020-09-08,431
2020-09-09,443
2020-09-10,432
2020-09-11,406
2020-09-12,517
2020-09-13,534
2020-09-14,414
2020-09-15,425
2020-09-16,429
2020-09-17,411
2020-09-18,420
2020-09-19,488
2020-09-20,510
2020-09-21,418
2020-09-22,408
2020-09-23,437
2020-09-24,406
2020-09-25,416
2020-09-26,521
2020-09-27,534
2020-09-28,406
2020-09-29,432
2020-09-30,420
2020-10-01,410
2020-10-02,425
2020-10-03,522
2020-10-04,514
2020-10-05,421
2020-10-06,416
2020-10-07,421
2020-10-08,427
2020-10-09,436
2020-10-10,508
2020-10-11,542
2020-10-12,401
2020-10-13,419
2020-10-14,427
2020-10-15,424
2020-10-16,415
2020-10-17,519
2020-10-18,517
2020-10-19,416
2020-10-20,430
2020-10-21,426
2020-10-22,415
2020-10-23,431
2020-10-24,526
2020-10-25,531
2020-10-26,429
2020-10-27,415
2020-10-28,418
2020-10-29,431
2020-10-30,430
2020-10-31,524
2020-11-01,526
2020-11-02,438
2020-11-03,419
2020-11-04,431
2020-11-05,424
2020-11-06,424
2020-11-07,537
2020-11-08,535
2020-11-09,435
2020-11-10,440
2020-11-11,428
2020-11-12,435
2020-11-13,425
2020-11-14,532
2020-11-15,528
2020-11-16,430
2020-11-17,436
2020-11-18,422
2020-11-19,451
2020-11-20,421
2020-11-21,519
2020-11-22,543
2020-11-23,440
2020-11-24,439
2020-11-25,439
2020-11-26,433
2020-11-27,425
2020-11-28,535
2020-11-29,528
2020-11-30,445
2020-12-01,434
2020-12-02,428
2020-12-03,433
2020-12-04,441
2020-12-05,532
2020-12-06,530
2020-12-07,441
2020-12-08,441
2020-12-09,434
2020-12-10,435
2020-12-11,443
2020-12-12,526
2020-12-13,527
2020-12-14,435
2020-12-15,440
2020-12-16,446
2020-12-17,458
2020-12-18,452
2020-12-19,543
2020-12-20,545
2020-12-21,435
2020-12-22,446
2020-12-23,444
2020-12-24,450
2020-12-25,439
2020-12-26,553
2020-12-27,564
2020-12-28,448
2020-12-29,454
2020-12-30,457
2020-12-31,447
2021-01-01,503
2021-01-02,601
2021-01-03,603
2021-01-04,494
2021-01-05,503
2021-01-06,508
2021-01-07,518
2021-01-08,514
2021-01-09,626
2021-01-10,597
2021-01-11,514
2021-01-12,508
2021-01-13,529
2021-01-14,499
2021-01-15,499
2021-01-16,602
2021-01-17,587
2021-01-18,504
2021-01-19,502
2021-01-20,512
2021-01-21,514
2021-01-22,530
2021-01-23,621
2021-01-24,606
2021-01-25,504
2021-01-26,518
2021-01-27,500
2021-01-28,532
2021-01-29,526
2021-01-30,610
2021-01-31,598
2021-02-01,529
2021-02-02,515
2021-02-03,529
2021-02-04,501
2021-02-05,511
2021-02-06,618
2021-02-07,619
2021-02-08,514
2021-02-09,525
2021-02-10,509
2021-02-11,518
2021-02-12,521
2021-02-13,626
2021-02-14,628
2021-02-15,510
2021-02-16,506
2021-02-17,535
2021-02-18,526
2021-02-19,515
2021-02-20,639
2021-02-21,625
2021-02-22,536
2021-02-23,525
2021-02-24,545
2021-02-25,542
2021-02-26,522
2021-02-27,635
2021-02-28,632
2021-03-01,539
2021-03-02,516
2021-03-03,533
2021-03-04,537
2021-03-05,509
2021-03-06,615
2021-03-07,607
2021-03-08,525
2021-03-09,535
2021-03-10,543
2021-03-11,529
2021-03-12,544
2021-03-13,615
2021-03-14,611
2021-03-15,528
2021-03-16,533
2021-03-17,529
2021-03-18,508
2021-03-19,528
2021-03-20,616
2021-03-21,636
2021-03-22,533
2021-03-23,520
2021-03-24,525
2021-03-25,519
2021-03-26,529
2021-03-27,639
2021-03-28,620
2021-03-29,535
2021-03-30,525
2021-03-31,522
2021-04-01,529
2021-04-02,520
2021-04-03,624
2021-04-04,618
2021-04-05,550
2021-04-06,530
2021-04-07,523
2021-04-08,532
2021-04-09,529
2021-04-10,627
2021-04-11,636
2021-04-12,537
2021-04-13,524
2021-04-14,524
2021-04-15,526
2021-04-16,506
2021-04-17,614
2021-04-18,642
2021-04-19,545
2021-04-20,526
2021-04-21,534
2021-04-22,531
2021-04-23,559
2021-04-24,639
2021-04-25,626
2021-04-26,518
2021-04-27,511
2021-04-28,529
2021-04-29,519
2021-04-30,512
2021-05-01,620
2021-05-02,615
2021-05-03,543
2021-05-04,534
2021-05-05,525
2021-05-06,540
2021-05-07,525
2021-05-08,616
2021-05-09,639
2021-05-10,529
2021-05-11,513
2021-05-12,521
2021-05-13,514
2021-05-14,508
2021-05-15,631
2021-05-16,641
2021-05-17,507
2021-05-18,526
2021-05-19,514
2021-05-20,515
2021-05-21,514
2021-05-22,611
2021-05-23,619
2021-05-24,510
2021-05-25,521
2021-05-26,517
2021-05-27,515
2021-05-28,508
2021-05-29,611
2021-05-30,623
2021-05-31,520
2021-06-01,505
2021-06-02,516
2021-06-03,522
2021-06-04,497
2021-06-05,619
2021-06-06,606
2021-06-07,518
2021-06-08,504
2021-06-09,493
2021-06-10,495
2021-06-11,511
2021-06-12,612
2021-06-13,600
2021-06-14,515
2021-06-15,492
2021-06-16,507
2021-06-17,495
2021-06-18,500
2021-06-19,607
2021-06-20,597
2021-06-21,502
2021-06-22,515
2021-06-23,499
2021-06-24,512
2021-06-25,492
2021-06-26,608
2021-06-27,617
2021-06-28,477
2021-06-29,493
2021-06-30,507
2021-07-01,498
2021-07-02,503
2021-07-03,593
2021-07-04,600
2021-07-05,497
2021-07-06,509
2021-07-07,500
2021-07-08,500
2021-07-09,492
2021-07-10,591
2021-07-11,591
2021-07-12,499
2021-07-13,490
2021-07-14,496
2021-07-15,514
2021-07-16,501
2021-07-17,589
2021-07-18,604
2021-07-19,487
2021-07-20,470
2021-07-21,480
2021-07-22,471
2021-07-23,486
2021-07-24,589
2021-07-25,605
2021-07-26,491
2021-07-27,485
2021-07-28,495
2021-07-29,464
2021-07-30,488
2021-07-31,593
2021-08-01,570
2021-08-02,496
2021-08-03,487
2021-08-04,479
2021-08-05,490
2021-08-06,505
2021-08-07,584
2021-08-08,584
2021-08-09,477
2021-08-10,473
2021-08-11,489
2021-08-12,472
2021-08-13,481
2021-08-14,575
2021-08-15,584
2021-08-16,482
2021-08-17,489
2021-08-18,473
2021-08-19,475
2021-08-20,468
2021-08-21,573
2021-08-22,581
2021-08-23,484
2021-08-24,467
2021-08-25,485
2021-08-26,489
2021-08-27,479
2021-08-28,594
2021-08-29,567
2021-08-30,462
2021-08-31,456
2021-09-01,489
2021-09-02,480
2021-09-03,473
2021-09-04,576
2021-09-05,562
2021-09-06,497
2021-09-07,474
2021-09-08,473
2021-09-09,479
2021-09-10,477
2021-09-11,574
2021-09-12,564
2021-09-13,476
2021-09-14,490
2021-09-15,485
2021-09-16,487
2021-09-17,466
2021-09-18,561
2021-09-19,569
2021-09-20,471
2021-09-21,481
2021-09-22,453
2021-09-23,486
2021-09-24,469
2021-09-25,566
2021-09-26,560
2021-09-27,454
2021-09-28,478
2021-09-29,471
2021-09-30,457
2021-10-01,457
2021-10-02,567
2021-10-03,587
2021-10-04,467
2021-10-05,455
2021-10-06,468
2021-10-07,467
2021-10-08,443
2021-10-09,570
2021-10-10,568
2021-10-11,477
2021-10-12,489
2021-10-13,482
2021-10-14,468
2021-10-15,460
2021-10-16,597
2021-10-17,572
2021-10-18,471
2021-10-19,471
2021-10-20,474
2021-10-21,470
2021-10-22,466
2021-10-23,567
2021-10-24,572
2021-10-25,467
2021-10-26,466
2021-10-27,474
2021-10-28,471
2021-10-29,489
2021-10-30,547
2021-10-31,585
2021-11-01,487
2021-11-02,454
2021-11-03,471
2021-11-04,471
2021-11-05,461
2021-11-06,568
2021-11-07,565
2021-11-08,494
2021-11-09,486
2021-11-10,490
2021-11-11,484
2021-11-12,466
2021-11-13,573
2021-11-14,583
2021-11-15,466
2021-11-16,486
2021-11-17,477
2021-11-18,476
2021-11-19,487
2021-11-20,585
2021-11-21,577
2021-11-22,493
2021-11-23,471
2021-11-24,488
2021-11-25,489
2021-11-26,480
2021-11-27,587
2021-11-28,571
2021-11-29,494
2021-11-30,483
2021-12-01,480
2021-12-02,496
2021-12-03,479
2021-12-04,572
2021-12-05,571
2021-12-06,494
2021-12-07,475
2021-12-08,506
2021-12-09,468
2021-12-10,506
2021-12-11,592
2021-12-12,589
2021-12-13,485
2021-12-14,495
2021-12-15,491
2021-12-16,503
2021-12-17,494
2021-12-18,595
2021-12-19,590
2021-12-20,494
2021-12-21,498
2021-12-22,478
2021-12-23,482
2021-12-24,504
2021-12-25,599
2021-12-26,596
2021-12-27,498
2021-12-28,502
2021-12-29,494
2021-12-30,492
2021-12-31,502
2022-01-01,641
2022-01-02,655
2022-01-03,535
2022-01-04,562
2022-01-05,557
2022-01-06,556
2022-01-07,563
2022-01-08,671
2022-01-09,665
2022-01-10,537
2022-01-11,543
2022-01-12,550
2022-01-13,557
2022-01-14,562
2022-01-15,650
2022-01-16,660
2022-01-17,551
2022-01-18,553
2022-01-19,546
2022-01-20,551
2022-01-21,547
2022-01-22,651
2022-01-23,672
2022-01-24,553
2022-01-25,589
2022-01-26,568
2022-01-27,565
2022-01-28,555
2022-01-29,671
2022-01-30,659
2022-01-31,566
2022-02-01,591
2022-02-02,565
2022-02-03,578
2022-02-04,560
2022-02-05,667
2022-02-06,686
2022-02-07,562
2022-02-08,587
2022-02-09,576
2022-02-10,564
2022-02-11,576
2022-02-12,680
2022-02-13,677
2022-02-14,555
2022-02-15,564
2022-02-16,569
2022-02-17,571
2022-02-18,579
2022-02-19,675
2022-02-20,660
2022-02-21,577
2022-02-22,580
2022-02-23,580
2022-02-24,585
2022-02-25,583
2022-02-26,680
2022-02-27,675
2022-02-28,559
2022-03-01,580
2022-03-02,578
2022-03-03,579
2022-03-04,564
2022-03-05,666
2022-03-06,688
2022-03-07,577
2022-03-08,584
2022-03-09,578
2022-03-10,578
2022-03-11,587
2022-03-12,673
2022-03-13,679
2022-03-14,574
2022-03-15,574
2022-03-16,576
2022-03-17,581
2022-03-18,574
2022-03-19,692
2022-03-20,670
2022-03-21,578
2022-03-22,575
2022-03-23,594
2022-03-24,582
2022-03-25,590
2022-03-26,665
2022-03-27,683
2022-03-28,589
2022-03-29,581
2022-03-30,591
2022-03-31,575
2022-04-01,594
2022-04-02,703
2022-04-03,676
2022-04-04,576
2022-04-05,594
2022-04-06,596
2022-04-07,575
2022-04-08,576
2022-04-09,677
2022-04-10,666
2022-04-11,570
2022-04-12,569
2022-04-13,572
2022-04-14,579
2022-04-15,582
2022-04-16,695
2022-04-17,669
2022-04-18,589
2022-04-19,576
2022-04-20,578
2022-04-21,585
2022-04-22,567
2022-04-23,682
2022-04-24,679
2022-04-25,582
2022-04-26,580
2022-04-27,602
2022-04-28,570
2022-04-29,571
2022-04-30,670
2022-05-01,671
2022-05-02,570
2022-05-03,588
2022-05-04,590
2022-05-05,569
2022-05-06,566
2022-05-07,679
2022-05-08,669
2022-05-09,580
2022-05-10,576
2022-05-11,558
2022-05-12,588
2022-05-13,591
2022-05-14,666
2022-05-15,668
2022-05-16,574
2022-05-17,575
2022-05-18,577
2022-05-19,591
2022-05-20,568
2022-05-21,662
2022-05-22,655
2022-05-23,562
2022-05-24,568
2022-05-25,586
2022-05-26,562
2022-05-27,569
2022-05-28,667
2022-05-29,678
2022-05-30,591
2022-05-31,560
2022-06-01,560
2022-06-02,575
2022-06-03,571
2022-06-04,682
2022-06-05,669
2022-06-06,559
2022-06-07,568
2022-06-08,573
2022-06-09,570
2022-06-10,566
2022-06-11,671
2022-06-12,672
2022-06-13,573
2022-06-14,565
2022-06-15,557
2022-06-16,559
2022-06-17,569
2022-06-18,649
2022-06-19,660
2022-06-20,552
2022-06-21,556
2022-06-22,568
2022-06-23,556
2022-06-24,554
2022-06-25,640
2022-06-26,660
2022-06-27,559
2022-06-28,573
2022-06-29,548
2022-06-30,553
2022-07-01,553
2022-07-02,666
2022-07-03,648
2022-07-04,551
2022-07-05,554
2022-07-06,550
2022-07-07,543
2022-07-08,549
2022-07-09,657
2022-07-10,635
2022-07-11,546
2022-07-12,538
2022-07-13,556
2022-07-14,528
2022-07-15,538
2022-07-16,646
2022-07-17,658
2022-07-18,541
2022-07-19,536
2022-07-20,559
2022-07-21,526
2022-07-22,518
2022-07-23,644
2022-07-24,634
2022-07-25,528
2022-07-26,545
2022-07-27,540
2022-07-28,531
2022-07-29,524
2022-07-30,645
2022-07-31,642
2022-08-01,534
2022-08-02,553
2022-08-03,523
2022-08-04,518
2022-08-05,526
2022-08-06,632
2022-08-07,635
2022-08-08,530
2022-08-09,535
2022-08-10,519
2022-08-11,545
2022-08-12,530
2022-08-13,641
2022-08-14,633
2022-08-15,534
2022-08-16,535
2022-08-17,533
2022-08-18,535
2022-08-19,541
2022-08-20,629
2022-08-21,634
2022-08-22,526
2022-08-23,541
2022-08-24,519
2022-08-25,544
2022-08-26,525
2022-08-27,611
2022-08-28,626
2022-08-29,518
2022-08-30,533
2022-08-31,518
2022-09-01,519
2022-09-02,505
2022-09-03,619
2022-09-04,599
2022-09-05,507
2022-09-06,530
2022-09-07,530
2022-09-08,527
2022-09-09,512
2022-09-10,621
2022-09-11,622
2022-09-12,510
2022-09-13,536
2022-09-14,530
2022-09-15,519
2022-09-16,521
2022-09-17,623
2022-09-18,600
2022-09-19,518
2022-09-20,514
2022-09-21,510
2022-09-22,518
2022-09-23,538
2022-09-24,627
2022-09-25,614
2022-09-26,526
2022-09-27,534
2022-09-28,529
2022-09-29,521
2022-09-30,514
2022-10-01,627
2022-10-02,624
2022-10-03,529
2022-10-04,526
2022-10-05,531
2022-10-06,515
2022-10-07,533
2022-10-08,622
2022-10-09,641
2022-10-10,513
2022-10-11,538
2022-10-12,523
2022-10-13,514
2022-10-14,516
2022-10-15,618
2022-10-16,625
2022-10-17,526
2022-10-18,516
2022-10-19,521
2022-10-20,543
2022-10-21,539
2022-10-22,626
2022-10-23,623
2022-10-24,524
2022-10-25,529
2022-10-26,513
2022-10-27,520
2022-10-28,507
2022-10-29,627
2022-10-30,630
2022-10-31,519
2022-11-01,540
2022-11-02,512
2022-11-03,510
2022-11-04,527
2022-11-05,636
2022-11-06,642
2022-11-07,521
2022-11-08,537
2022-11-09,526
2022-11-10,525
2022-11-11,536
2022-11-12,634
2022-11-13,612
2022-11-14,543
2022-11-15,542
2022-11-16,523
2022-11-17,533
2022-11-18,535
2022-11-19,633
2022-11-20,625
2022-11-21,524
2022-11-22,531
2022-11-23,543
2022-11-24,538
2022-11-25,529
2022-11-26,641
2022-11-27,605
2022-11-28,545
2022-11-29,517
2022-11-30,531
2022-12-01,524
2022-12-02,523
2022-12-03,648
2022-12-04,632
2022-12-05,540
2022-12-06,537
2022-12-07,543
2022-12-08,539
2022-12-09,526
2022-12-10,649
2022-12-11,635
2022-12-12,525
2022-12-13,537
2022-12-14,556
2022-12-15,550
2022-12-16,539
2022-12-17,639
2022-12-18,640
2022-12-19,565
2022-12-20,548
2022-12-21,549
2022-12-22,556
2022-12-23,548
2022-12-24,644
2022-12-25,645
2022-12-26,547
2022-12-27,548
2022-12-28,556
2022-12-29,549
2022-12-30,557
